id,firstname,lastname,email,email2,profession
100,Loree,Salchunas,Loree.Salchunas@yopmail.com,Loree.Salchunas@gmail.com,police officer
101,Chloris,Barbey,Chloris.Barbey@yopmail.com,Chloris.Barbey@gmail.com,worker
102,Tori,Audly,Tori.Audly@yopmail.com,Tori.Audly@gmail.com,worker
103,Lily,Kellby,Lily.Kellby@yopmail.com,Lily.Kellby@gmail.com,doctor
104,Blondelle,Kat,Blondelle.Kat@yopmail.com,Blondelle.Kat@gmail.com,worker
105,Aubrie,Krystle,Aubrie.Krystle@yopmail.com,Aubrie.Krystle@gmail.com,worker
106,Carree,Pond,Carree.Pond@yopmail.com,Carree.Pond@gmail.com,worker
107,Livvyy,Sophronia,Livvyy.Sophronia@yopmail.com,Livvyy.Sophronia@gmail.com,firefighter
108,Tamqrah,Revkah,Tamqrah.Revkah@yopmail.com,Tamqrah.Revkah@gmail.com,worker
109,Nyssa,Lutero,Nyssa.Lutero@yopmail.com,Nyssa.Lutero@gmail.com,developer
110,Bibby,Hessler,Bibby.Hessler@yopmail.com,Bibby.Hessler@gmail.com,doctor
111,Molli,Zenas,Molli.Zenas@yopmail.com,Molli.Zenas@gmail.com,worker
112,Malina,Saint,Malina.Saint@yopmail.com,Malina.Saint@gmail.com,worker
113,Ofilia,Dash,Ofilia.Dash@yopmail.com,Ofilia.Dash@gmail.com,firefighter
114,Alex,Burkle,Alex.Burkle@yopmail.com,Alex.Burkle@gmail.com,firefighter
115,Debee,Revkah,Debee.Revkah@yopmail.com,Debee.Revkah@gmail.com,doctor
116,Tilly,Stevy,Tilly.Stevy@yopmail.com,Tilly.Stevy@gmail.com,police officer
117,Kittie,Robertson,Kittie.Robertson@yopmail.com,Kittie.Robertson@gmail.com,developer
118,Kristina,Christine,Kristina.Christine@yopmail.com,Kristina.Christine@gmail.com,doctor
119,Neila,Engdahl,Neila.Engdahl@yopmail.com,Neila.Engdahl@gmail.com,doctor
120,Addia,Kirbee,Addia.Kirbee@yopmail.com,Addia.Kirbee@gmail.com,developer
121,Althea,Lorain,Althea.Lorain@yopmail.com,Althea.Lorain@gmail.com,developer
122,Kamilah,Ezar,Kamilah.Ezar@yopmail.com,Kamilah.Ezar@gmail.com,firefighter
123,Cassondra,Jehu,Cassondra.Jehu@yopmail.com,Cassondra.Jehu@gmail.com,police officer
124,Priscilla,Rogerio,Priscilla.Rogerio@yopmail.com,Priscilla.Rogerio@gmail.com,doctor
125,Lorenza,Latini,Lorenza.Latini@yopmail.com,Lorenza.Latini@gmail.com,developer
126,Sheree,Kellby,Sheree.Kellby@yopmail.com,Sheree.Kellby@gmail.com,doctor
127,Kalina,Nelsen,Kalina.Nelsen@yopmail.com,Kalina.Nelsen@gmail.com,developer
128,Claudina,Brandice,Claudina.Brandice@yopmail.com,Claudina.Brandice@gmail.com,police officer
129,Sissy,McNully,Sissy.McNully@yopmail.com,Sissy.McNully@gmail.com,police officer
130,Imojean,Goldina,Imojean.Goldina@yopmail.com,Imojean.Goldina@gmail.com,doctor
131,Anica,Salchunas,Anica.Salchunas@yopmail.com,Anica.Salchunas@gmail.com,firefighter
132,Madalyn,Naor,Madalyn.Naor@yopmail.com,Madalyn.Naor@gmail.com,firefighter
133,Oralee,Chick,Oralee.Chick@yopmail.com,Oralee.Chick@gmail.com,doctor
134,Rosene,Bennie,Rosene.Bennie@yopmail.com,Rosene.Bennie@gmail.com,doctor
135,Kayla,Armanda,Kayla.Armanda@yopmail.com,Kayla.Armanda@gmail.com,police officer
136,Alleen,Levey,Alleen.Levey@yopmail.com,Alleen.Levey@gmail.com,worker
137,Neila,Guildroy,Neila.Guildroy@yopmail.com,Neila.Guildroy@gmail.com,police officer
138,Roxane,Raseda,Roxane.Raseda@yopmail.com,Roxane.Raseda@gmail.com,doctor
139,Juliane,Daveta,Juliane.Daveta@yopmail.com,Juliane.Daveta@gmail.com,worker
140,Sarette,Leary,Sarette.Leary@yopmail.com,Sarette.Leary@gmail.com,developer
141,Alie,Krystle,Alie.Krystle@yopmail.com,Alie.Krystle@gmail.com,doctor
142,Britte,Old,Britte.Old@yopmail.com,Britte.Old@gmail.com,worker
143,Edyth,Wildermuth,Edyth.Wildermuth@yopmail.com,Edyth.Wildermuth@gmail.com,doctor
144,Tina,Sacken,Tina.Sacken@yopmail.com,Tina.Sacken@gmail.com,worker
145,Jenilee,Shaver,Jenilee.Shaver@yopmail.com,Jenilee.Shaver@gmail.com,worker
146,Madalyn,Ambrosia,Madalyn.Ambrosia@yopmail.com,Madalyn.Ambrosia@gmail.com,doctor
147,Charlena,Shaddock,Charlena.Shaddock@yopmail.com,Charlena.Shaddock@gmail.com,firefighter
148,Carilyn,Jalbert,Carilyn.Jalbert@yopmail.com,Carilyn.Jalbert@gmail.com,worker
149,Clarice,Ahab,Clarice.Ahab@yopmail.com,Clarice.Ahab@gmail.com,police officer
150,Sadie,Gaspard,Sadie.Gaspard@yopmail.com,Sadie.Gaspard@gmail.com,police officer
151,Emelina,Burch,Emelina.Burch@yopmail.com,Emelina.Burch@gmail.com,police officer
152,Renae,Halla,Renae.Halla@yopmail.com,Renae.Halla@gmail.com,developer
153,Vinita,Rese,Vinita.Rese@yopmail.com,Vinita.Rese@gmail.com,police officer
154,Misha,Vacuva,Misha.Vacuva@yopmail.com,Misha.Vacuva@gmail.com,police officer
155,Alleen,Keelia,Alleen.Keelia@yopmail.com,Alleen.Keelia@gmail.com,police officer
156,Dulce,Iiette,Dulce.Iiette@yopmail.com,Dulce.Iiette@gmail.com,developer
157,Chloris,Carey,Chloris.Carey@yopmail.com,Chloris.Carey@gmail.com,doctor
158,Phedra,Noman,Phedra.Noman@yopmail.com,Phedra.Noman@gmail.com,police officer
159,Frieda,Fontana,Frieda.Fontana@yopmail.com,Frieda.Fontana@gmail.com,developer
160,Starla,Mitzi,Starla.Mitzi@yopmail.com,Starla.Mitzi@gmail.com,doctor
161,Mignon,Travax,Mignon.Travax@yopmail.com,Mignon.Travax@gmail.com,doctor
162,Renae,Vilma,Renae.Vilma@yopmail.com,Renae.Vilma@gmail.com,worker
163,Pearline,Ariella,Pearline.Ariella@yopmail.com,Pearline.Ariella@gmail.com,firefighter
164,Melodie,Ardra,Melodie.Ardra@yopmail.com,Melodie.Ardra@gmail.com,firefighter
165,Agathe,Milson,Agathe.Milson@yopmail.com,Agathe.Milson@gmail.com,doctor
166,Donetta,Palocz,Donetta.Palocz@yopmail.com,Donetta.Palocz@gmail.com,doctor
167,Rivalee,Judye,Rivalee.Judye@yopmail.com,Rivalee.Judye@gmail.com,police officer
168,Meriel,Norvol,Meriel.Norvol@yopmail.com,Meriel.Norvol@gmail.com,firefighter
169,Daune,Luhe,Daune.Luhe@yopmail.com,Daune.Luhe@gmail.com,firefighter
170,Audrie,Granoff,Audrie.Granoff@yopmail.com,Audrie.Granoff@gmail.com,police officer
171,Nita,Morrill,Nita.Morrill@yopmail.com,Nita.Morrill@gmail.com,worker
172,Lolita,Sundin,Lolita.Sundin@yopmail.com,Lolita.Sundin@gmail.com,firefighter
173,Joeann,Raychel,Joeann.Raychel@yopmail.com,Joeann.Raychel@gmail.com,firefighter
174,Roberta,Birdella,Roberta.Birdella@yopmail.com,Roberta.Birdella@gmail.com,developer
175,Gwenneth,Malvino,Gwenneth.Malvino@yopmail.com,Gwenneth.Malvino@gmail.com,developer
176,Gianina,Hull,Gianina.Hull@yopmail.com,Gianina.Hull@gmail.com,developer
177,Allyce,Tacye,Allyce.Tacye@yopmail.com,Allyce.Tacye@gmail.com,developer
178,Sibella,Delp,Sibella.Delp@yopmail.com,Sibella.Delp@gmail.com,doctor
179,Nerta,Bultman,Nerta.Bultman@yopmail.com,Nerta.Bultman@gmail.com,firefighter
180,Rochette,Lail,Rochette.Lail@yopmail.com,Rochette.Lail@gmail.com,police officer
181,Fredericka,Luhe,Fredericka.Luhe@yopmail.com,Fredericka.Luhe@gmail.com,doctor
182,Stephanie,Berne,Stephanie.Berne@yopmail.com,Stephanie.Berne@gmail.com,worker
183,Kary,Teryn,Kary.Teryn@yopmail.com,Kary.Teryn@gmail.com,police officer
184,Trixi,Kamaria,Trixi.Kamaria@yopmail.com,Trixi.Kamaria@gmail.com,firefighter
185,Dotty,Ajay,Dotty.Ajay@yopmail.com,Dotty.Ajay@gmail.com,firefighter
186,Flo,Craggie,Flo.Craggie@yopmail.com,Flo.Craggie@gmail.com,police officer
187,Carlie,Maiah,Carlie.Maiah@yopmail.com,Carlie.Maiah@gmail.com,firefighter
188,Chloris,Syd,Chloris.Syd@yopmail.com,Chloris.Syd@gmail.com,developer
189,Daune,Levey,Daune.Levey@yopmail.com,Daune.Levey@gmail.com,worker
190,Romona,Wilona,Romona.Wilona@yopmail.com,Romona.Wilona@gmail.com,doctor
191,Clementine,Kimmie,Clementine.Kimmie@yopmail.com,Clementine.Kimmie@gmail.com,worker
192,Amara,Zenas,Amara.Zenas@yopmail.com,Amara.Zenas@gmail.com,worker
193,Glenda,Edison,Glenda.Edison@yopmail.com,Glenda.Edison@gmail.com,firefighter
194,Ronna,Roarke,Ronna.Roarke@yopmail.com,Ronna.Roarke@gmail.com,developer
195,Liana,Horan,Liana.Horan@yopmail.com,Liana.Horan@gmail.com,worker
196,Anallese,Dex,Anallese.Dex@yopmail.com,Anallese.Dex@gmail.com,worker
197,Giustina,Berl,Giustina.Berl@yopmail.com,Giustina.Berl@gmail.com,worker
198,Dyann,Pascia,Dyann.Pascia@yopmail.com,Dyann.Pascia@gmail.com,worker
199,Clary,Raffo,Clary.Raffo@yopmail.com,Clary.Raffo@gmail.com,police officer
200,Aili,Herrera,Aili.Herrera@yopmail.com,Aili.Herrera@gmail.com,firefighter
201,Korrie,Mott,Korrie.Mott@yopmail.com,Korrie.Mott@gmail.com,developer
202,Karlee,Yerkovich,Karlee.Yerkovich@yopmail.com,Karlee.Yerkovich@gmail.com,firefighter
203,Cherilyn,Roumell,Cherilyn.Roumell@yopmail.com,Cherilyn.Roumell@gmail.com,developer
204,Sandie,Nea,Sandie.Nea@yopmail.com,Sandie.Nea@gmail.com,developer
205,Fredericka,Klemperer,Fredericka.Klemperer@yopmail.com,Fredericka.Klemperer@gmail.com,police officer
206,Kalina,Solitta,Kalina.Solitta@yopmail.com,Kalina.Solitta@gmail.com,developer
207,Fidelia,Nickola,Fidelia.Nickola@yopmail.com,Fidelia.Nickola@gmail.com,police officer
208,Leontine,Brittani,Leontine.Brittani@yopmail.com,Leontine.Brittani@gmail.com,firefighter
209,Merry,Wenda,Merry.Wenda@yopmail.com,Merry.Wenda@gmail.com,firefighter
210,Correy,Lanita,Correy.Lanita@yopmail.com,Correy.Lanita@gmail.com,police officer
211,Cam,Santoro,Cam.Santoro@yopmail.com,Cam.Santoro@gmail.com,developer
212,Harrietta,Wandie,Harrietta.Wandie@yopmail.com,Harrietta.Wandie@gmail.com,doctor
213,Hyacinthe,Eugenia,Hyacinthe.Eugenia@yopmail.com,Hyacinthe.Eugenia@gmail.com,developer
214,Anica,Jaylene,Anica.Jaylene@yopmail.com,Anica.Jaylene@gmail.com,developer
215,Drucie,Wilona,Drucie.Wilona@yopmail.com,Drucie.Wilona@gmail.com,worker
216,Beth,Donoghue,Beth.Donoghue@yopmail.com,Beth.Donoghue@gmail.com,worker
217,Lisette,Bonilla,Lisette.Bonilla@yopmail.com,Lisette.Bonilla@gmail.com,worker
218,Florie,Gaspard,Florie.Gaspard@yopmail.com,Florie.Gaspard@gmail.com,doctor
219,Beatriz,Matthew,Beatriz.Matthew@yopmail.com,Beatriz.Matthew@gmail.com,worker
220,Nickie,Madox,Nickie.Madox@yopmail.com,Nickie.Madox@gmail.com,police officer
221,Ardeen,Pattin,Ardeen.Pattin@yopmail.com,Ardeen.Pattin@gmail.com,firefighter
222,Agathe,Deny,Agathe.Deny@yopmail.com,Agathe.Deny@gmail.com,firefighter
223,Stacey,Georgy,Stacey.Georgy@yopmail.com,Stacey.Georgy@gmail.com,doctor
224,Dawn,Roarke,Dawn.Roarke@yopmail.com,Dawn.Roarke@gmail.com,firefighter
225,Jolyn,Aaberg,Jolyn.Aaberg@yopmail.com,Jolyn.Aaberg@gmail.com,police officer
226,Cathie,Macey,Cathie.Macey@yopmail.com,Cathie.Macey@gmail.com,firefighter
227,Madalyn,Dichy,Madalyn.Dichy@yopmail.com,Madalyn.Dichy@gmail.com,worker
228,Kore,Rosemary,Kore.Rosemary@yopmail.com,Kore.Rosemary@gmail.com,developer
229,Elmira,Christine,Elmira.Christine@yopmail.com,Elmira.Christine@gmail.com,developer
230,Elka,Fontana,Elka.Fontana@yopmail.com,Elka.Fontana@gmail.com,developer
231,Basia,Oster,Basia.Oster@yopmail.com,Basia.Oster@gmail.com,worker
232,Mary,Bollay,Mary.Bollay@yopmail.com,Mary.Bollay@gmail.com,firefighter
233,Rubie,Odysseus,Rubie.Odysseus@yopmail.com,Rubie.Odysseus@gmail.com,firefighter
234,Emmey,Ummersen,Emmey.Ummersen@yopmail.com,Emmey.Ummersen@gmail.com,doctor
235,Christian,Liva,Christian.Liva@yopmail.com,Christian.Liva@gmail.com,doctor
236,Jeanna,Lia,Jeanna.Lia@yopmail.com,Jeanna.Lia@gmail.com,developer
237,Gloria,Friede,Gloria.Friede@yopmail.com,Gloria.Friede@gmail.com,firefighter
238,Lily,Hieronymus,Lily.Hieronymus@yopmail.com,Lily.Hieronymus@gmail.com,police officer
239,Antonietta,Georgy,Antonietta.Georgy@yopmail.com,Antonietta.Georgy@gmail.com,firefighter
240,Chrystel,Lynn,Chrystel.Lynn@yopmail.com,Chrystel.Lynn@gmail.com,firefighter
241,Lolita,Seligman,Lolita.Seligman@yopmail.com,Lolita.Seligman@gmail.com,doctor
242,Bobbi,Wilkinson,Bobbi.Wilkinson@yopmail.com,Bobbi.Wilkinson@gmail.com,doctor
243,Karly,Amethist,Karly.Amethist@yopmail.com,Karly.Amethist@gmail.com,developer
244,Gratia,Lea,Gratia.Lea@yopmail.com,Gratia.Lea@gmail.com,police officer
245,Doro,Waite,Doro.Waite@yopmail.com,Doro.Waite@gmail.com,worker
246,Fanchon,Riordan,Fanchon.Riordan@yopmail.com,Fanchon.Riordan@gmail.com,police officer
247,Cacilie,Smitt,Cacilie.Smitt@yopmail.com,Cacilie.Smitt@gmail.com,developer
248,Hope,Pozzy,Hope.Pozzy@yopmail.com,Hope.Pozzy@gmail.com,developer
249,Marsiella,Sherrie,Marsiella.Sherrie@yopmail.com,Marsiella.Sherrie@gmail.com,worker
250,Valeda,Phaidra,Valeda.Phaidra@yopmail.com,Valeda.Phaidra@gmail.com,firefighter
251,Annecorinne,Travax,Annecorinne.Travax@yopmail.com,Annecorinne.Travax@gmail.com,doctor
252,Concettina,Anderea,Concettina.Anderea@yopmail.com,Concettina.Anderea@gmail.com,doctor
253,Nadine,Reidar,Nadine.Reidar@yopmail.com,Nadine.Reidar@gmail.com,worker
254,Corina,Gavrila,Corina.Gavrila@yopmail.com,Corina.Gavrila@gmail.com,firefighter
255,Leeanne,Schonfeld,Leeanne.Schonfeld@yopmail.com,Leeanne.Schonfeld@gmail.com,police officer
256,Tatiania,Ardeha,Tatiania.Ardeha@yopmail.com,Tatiania.Ardeha@gmail.com,police officer
257,Rani,Mintz,Rani.Mintz@yopmail.com,Rani.Mintz@gmail.com,police officer
258,Raquela,Terrence,Raquela.Terrence@yopmail.com,Raquela.Terrence@gmail.com,worker
259,Dale,Joachim,Dale.Joachim@yopmail.com,Dale.Joachim@gmail.com,firefighter
260,Sharai,Adore,Sharai.Adore@yopmail.com,Sharai.Adore@gmail.com,firefighter
261,Mireielle,Trace,Mireielle.Trace@yopmail.com,Mireielle.Trace@gmail.com,developer
262,Carilyn,Wenda,Carilyn.Wenda@yopmail.com,Carilyn.Wenda@gmail.com,worker
263,Kassey,Felecia,Kassey.Felecia@yopmail.com,Kassey.Felecia@gmail.com,worker
264,Heida,Olnee,Heida.Olnee@yopmail.com,Heida.Olnee@gmail.com,developer
265,Nananne,Dawkins,Nananne.Dawkins@yopmail.com,Nananne.Dawkins@gmail.com,worker
266,Ivett,Linskey,Ivett.Linskey@yopmail.com,Ivett.Linskey@gmail.com,firefighter
267,Emmey,Roarke,Emmey.Roarke@yopmail.com,Emmey.Roarke@gmail.com,doctor
268,Christy,Leary,Christy.Leary@yopmail.com,Christy.Leary@gmail.com,police officer
269,Ardeen,Lubin,Ardeen.Lubin@yopmail.com,Ardeen.Lubin@gmail.com,firefighter
270,Lila,Lipson,Lila.Lipson@yopmail.com,Lila.Lipson@gmail.com,police officer
271,Aryn,Terencio,Aryn.Terencio@yopmail.com,Aryn.Terencio@gmail.com,worker
272,Miquela,Amadas,Miquela.Amadas@yopmail.com,Miquela.Amadas@gmail.com,doctor
273,Amii,Maryanne,Amii.Maryanne@yopmail.com,Amii.Maryanne@gmail.com,firefighter
274,Roseline,Trey,Roseline.Trey@yopmail.com,Roseline.Trey@gmail.com,worker
275,Benita,Yusuk,Benita.Yusuk@yopmail.com,Benita.Yusuk@gmail.com,worker
276,Amelia,Tiffa,Amelia.Tiffa@yopmail.com,Amelia.Tiffa@gmail.com,police officer
277,Gui,Henrie,Gui.Henrie@yopmail.com,Gui.Henrie@gmail.com,worker
278,Sharai,Earlie,Sharai.Earlie@yopmail.com,Sharai.Earlie@gmail.com,firefighter
279,Rebeca,Ehrman,Rebeca.Ehrman@yopmail.com,Rebeca.Ehrman@gmail.com,police officer
280,Karly,Merriott,Karly.Merriott@yopmail.com,Karly.Merriott@gmail.com,doctor
281,Jere,Pelagias,Jere.Pelagias@yopmail.com,Jere.Pelagias@gmail.com,police officer
282,Jobi,Shuler,Jobi.Shuler@yopmail.com,Jobi.Shuler@gmail.com,worker
283,Merle,Georas,Merle.Georas@yopmail.com,Merle.Georas@gmail.com,developer
284,Corry,Dorcy,Corry.Dorcy@yopmail.com,Corry.Dorcy@gmail.com,developer
285,Dede,Harday,Dede.Harday@yopmail.com,Dede.Harday@gmail.com,police officer
286,Berta,Egbert,Berta.Egbert@yopmail.com,Berta.Egbert@gmail.com,developer
287,Georgina,Raseda,Georgina.Raseda@yopmail.com,Georgina.Raseda@gmail.com,police officer
288,Bibby,Levey,Bibby.Levey@yopmail.com,Bibby.Levey@gmail.com,police officer
289,Meghann,Nunci,Meghann.Nunci@yopmail.com,Meghann.Nunci@gmail.com,firefighter
290,Minda,Howlyn,Minda.Howlyn@yopmail.com,Minda.Howlyn@gmail.com,developer
291,Leeanne,Clarissa,Leeanne.Clarissa@yopmail.com,Leeanne.Clarissa@gmail.com,developer
292,Margette,Saint,Margette.Saint@yopmail.com,Margette.Saint@gmail.com,worker
293,Britte,Stelle,Britte.Stelle@yopmail.com,Britte.Stelle@gmail.com,doctor
294,Lilith,Loring,Lilith.Loring@yopmail.com,Lilith.Loring@gmail.com,developer
295,Jennica,Charmine,Jennica.Charmine@yopmail.com,Jennica.Charmine@gmail.com,developer
296,Elora,Dorothy,Elora.Dorothy@yopmail.com,Elora.Dorothy@gmail.com,police officer
297,Alexine,Cleavland,Alexine.Cleavland@yopmail.com,Alexine.Cleavland@gmail.com,doctor
298,Hyacinthe,Carlson,Hyacinthe.Carlson@yopmail.com,Hyacinthe.Carlson@gmail.com,doctor
299,Nollie,Fink,Nollie.Fink@yopmail.com,Nollie.Fink@gmail.com,worker
300,Kara-Lynn,Paine,Kara-Lynn.Paine@yopmail.com,Kara-Lynn.Paine@gmail.com,worker
301,Janenna,Giff,Janenna.Giff@yopmail.com,Janenna.Giff@gmail.com,worker
302,Nataline,Killigrew,Nataline.Killigrew@yopmail.com,Nataline.Killigrew@gmail.com,firefighter
303,Sheree,Saunderson,Sheree.Saunderson@yopmail.com,Sheree.Saunderson@gmail.com,police officer
304,Ruthe,Naor,Ruthe.Naor@yopmail.com,Ruthe.Naor@gmail.com,developer
305,Nariko,Ochs,Nariko.Ochs@yopmail.com,Nariko.Ochs@gmail.com,worker
306,Netty,Dahlia,Netty.Dahlia@yopmail.com,Netty.Dahlia@gmail.com,doctor
307,Netty,Harl,Netty.Harl@yopmail.com,Netty.Harl@gmail.com,firefighter
308,Jaime,Colyer,Jaime.Colyer@yopmail.com,Jaime.Colyer@gmail.com,worker
309,Emelina,Bates,Emelina.Bates@yopmail.com,Emelina.Bates@gmail.com,firefighter
310,Celestyna,Abbot,Celestyna.Abbot@yopmail.com,Celestyna.Abbot@gmail.com,police officer
311,Tami,Durante,Tami.Durante@yopmail.com,Tami.Durante@gmail.com,firefighter
312,Rhea,Llovera,Rhea.Llovera@yopmail.com,Rhea.Llovera@gmail.com,police officer
313,Roberta,Norrie,Roberta.Norrie@yopmail.com,Roberta.Norrie@gmail.com,doctor
314,Mallory,Garrison,Mallory.Garrison@yopmail.com,Mallory.Garrison@gmail.com,firefighter
315,Marcelline,Helve,Marcelline.Helve@yopmail.com,Marcelline.Helve@gmail.com,developer
316,Norine,Chick,Norine.Chick@yopmail.com,Norine.Chick@gmail.com,developer
317,Tiffie,Narton,Tiffie.Narton@yopmail.com,Tiffie.Narton@gmail.com,worker
318,Anthia,Shelba,Anthia.Shelba@yopmail.com,Anthia.Shelba@gmail.com,worker
319,Emelina,Knowling,Emelina.Knowling@yopmail.com,Emelina.Knowling@gmail.com,doctor
320,Marleah,Azeria,Marleah.Azeria@yopmail.com,Marleah.Azeria@gmail.com,doctor
321,Gloria,Pattin,Gloria.Pattin@yopmail.com,Gloria.Pattin@gmail.com,worker
322,Maisey,Kenney,Maisey.Kenney@yopmail.com,Maisey.Kenney@gmail.com,police officer
323,Ronna,Barney,Ronna.Barney@yopmail.com,Ronna.Barney@gmail.com,police officer
324,Millie,Bluh,Millie.Bluh@yopmail.com,Millie.Bluh@gmail.com,police officer
325,Sean,Graig,Sean.Graig@yopmail.com,Sean.Graig@gmail.com,developer
326,Elise,Ax,Elise.Ax@yopmail.com,Elise.Ax@gmail.com,worker
327,Jsandye,Marden,Jsandye.Marden@yopmail.com,Jsandye.Marden@gmail.com,firefighter
328,Harrietta,Sinegold,Harrietta.Sinegold@yopmail.com,Harrietta.Sinegold@gmail.com,developer
329,Georgina,Aurelio,Georgina.Aurelio@yopmail.com,Georgina.Aurelio@gmail.com,police officer
330,Rivalee,Wiener,Rivalee.Wiener@yopmail.com,Rivalee.Wiener@gmail.com,doctor
331,Jeanna,Haymes,Jeanna.Haymes@yopmail.com,Jeanna.Haymes@gmail.com,police officer
332,Kaia,Tippets,Kaia.Tippets@yopmail.com,Kaia.Tippets@gmail.com,developer
333,Petronia,Ader,Petronia.Ader@yopmail.com,Petronia.Ader@gmail.com,police officer
334,Mady,Byrne,Mady.Byrne@yopmail.com,Mady.Byrne@gmail.com,police officer
335,Aurore,Wind,Aurore.Wind@yopmail.com,Aurore.Wind@gmail.com,firefighter
336,Ellette,Eldrid,Ellette.Eldrid@yopmail.com,Ellette.Eldrid@gmail.com,firefighter
337,Inga,Elisha,Inga.Elisha@yopmail.com,Inga.Elisha@gmail.com,firefighter
338,Deedee,Zola,Deedee.Zola@yopmail.com,Deedee.Zola@gmail.com,police officer
339,Georgetta,Bobbee,Georgetta.Bobbee@yopmail.com,Georgetta.Bobbee@gmail.com,doctor
340,Phedra,Capello,Phedra.Capello@yopmail.com,Phedra.Capello@gmail.com,police officer
341,Gerianna,Craggie,Gerianna.Craggie@yopmail.com,Gerianna.Craggie@gmail.com,developer
342,Gui,Shields,Gui.Shields@yopmail.com,Gui.Shields@gmail.com,worker
343,Emelina,Stoller,Emelina.Stoller@yopmail.com,Emelina.Stoller@gmail.com,developer
344,Christian,Kendrick,Christian.Kendrick@yopmail.com,Christian.Kendrick@gmail.com,developer
345,Aimil,Gavrila,Aimil.Gavrila@yopmail.com,Aimil.Gavrila@gmail.com,developer
346,Libbie,Janith,Libbie.Janith@yopmail.com,Libbie.Janith@gmail.com,police officer
347,Asia,Hoban,Asia.Hoban@yopmail.com,Asia.Hoban@gmail.com,worker
348,Penelopa,Dermott,Penelopa.Dermott@yopmail.com,Penelopa.Dermott@gmail.com,firefighter
349,Edyth,Vernier,Edyth.Vernier@yopmail.com,Edyth.Vernier@gmail.com,developer
350,Beverley,Aloise,Beverley.Aloise@yopmail.com,Beverley.Aloise@gmail.com,worker
351,Ruthe,Constancy,Ruthe.Constancy@yopmail.com,Ruthe.Constancy@gmail.com,worker
352,Beth,Oscar,Beth.Oscar@yopmail.com,Beth.Oscar@gmail.com,firefighter
353,Helsa,Ursulette,Helsa.Ursulette@yopmail.com,Helsa.Ursulette@gmail.com,developer
354,Dale,Valerio,Dale.Valerio@yopmail.com,Dale.Valerio@gmail.com,doctor
355,Marleah,Ardeha,Marleah.Ardeha@yopmail.com,Marleah.Ardeha@gmail.com,developer
356,Riannon,Magdalen,Riannon.Magdalen@yopmail.com,Riannon.Magdalen@gmail.com,worker
357,Kathy,Kauppi,Kathy.Kauppi@yopmail.com,Kathy.Kauppi@gmail.com,police officer
358,Roseline,Presber,Roseline.Presber@yopmail.com,Roseline.Presber@gmail.com,police officer
359,Tamqrah,Papageno,Tamqrah.Papageno@yopmail.com,Tamqrah.Papageno@gmail.com,firefighter
360,Cecile,Linskey,Cecile.Linskey@yopmail.com,Cecile.Linskey@gmail.com,police officer
361,Hettie,Adamsen,Hettie.Adamsen@yopmail.com,Hettie.Adamsen@gmail.com,doctor
362,Carolina,Connelly,Carolina.Connelly@yopmail.com,Carolina.Connelly@gmail.com,worker
363,Delilah,Kunin,Delilah.Kunin@yopmail.com,Delilah.Kunin@gmail.com,worker
364,Margalo,Dash,Margalo.Dash@yopmail.com,Margalo.Dash@gmail.com,police officer
365,Lelah,Dawkins,Lelah.Dawkins@yopmail.com,Lelah.Dawkins@gmail.com,doctor
366,Phedra,Salchunas,Phedra.Salchunas@yopmail.com,Phedra.Salchunas@gmail.com,doctor
367,Carly,Grobe,Carly.Grobe@yopmail.com,Carly.Grobe@gmail.com,police officer
368,Heddie,Ahab,Heddie.Ahab@yopmail.com,Heddie.Ahab@gmail.com,firefighter
369,Glynnis,Maurine,Glynnis.Maurine@yopmail.com,Glynnis.Maurine@gmail.com,firefighter
370,Ottilie,Chem,Ottilie.Chem@yopmail.com,Ottilie.Chem@gmail.com,developer
371,Amelia,Pitt,Amelia.Pitt@yopmail.com,Amelia.Pitt@gmail.com,police officer
372,Courtnay,Smitt,Courtnay.Smitt@yopmail.com,Courtnay.Smitt@gmail.com,police officer
373,Natka,Konyn,Natka.Konyn@yopmail.com,Natka.Konyn@gmail.com,doctor
374,Adore,Horan,Adore.Horan@yopmail.com,Adore.Horan@gmail.com,police officer
375,Hope,Lutero,Hope.Lutero@yopmail.com,Hope.Lutero@gmail.com,doctor
376,Elena,Audly,Elena.Audly@yopmail.com,Elena.Audly@gmail.com,doctor
377,Adore,Modie,Adore.Modie@yopmail.com,Adore.Modie@gmail.com,police officer
378,Tracey,Leopold,Tracey.Leopold@yopmail.com,Tracey.Leopold@gmail.com,police officer
379,Rochette,Raul,Rochette.Raul@yopmail.com,Rochette.Raul@gmail.com,doctor
380,Desirae,Elvyn,Desirae.Elvyn@yopmail.com,Desirae.Elvyn@gmail.com,doctor
381,Nelle,Leary,Nelle.Leary@yopmail.com,Nelle.Leary@gmail.com,doctor
382,Joceline,Deegan,Joceline.Deegan@yopmail.com,Joceline.Deegan@gmail.com,developer
383,Odessa,Bouchard,Odessa.Bouchard@yopmail.com,Odessa.Bouchard@gmail.com,worker
384,Kaja,Schwejda,Kaja.Schwejda@yopmail.com,Kaja.Schwejda@gmail.com,police officer
385,Kamilah,Yorick,Kamilah.Yorick@yopmail.com,Kamilah.Yorick@gmail.com,developer
386,Myrtice,Wenda,Myrtice.Wenda@yopmail.com,Myrtice.Wenda@gmail.com,developer
387,Judy,Concha,Judy.Concha@yopmail.com,Judy.Concha@gmail.com,doctor
388,Lexine,Thornburg,Lexine.Thornburg@yopmail.com,Lexine.Thornburg@gmail.com,worker
389,Malina,Hilbert,Malina.Hilbert@yopmail.com,Malina.Hilbert@gmail.com,worker
390,Janenna,Ellord,Janenna.Ellord@yopmail.com,Janenna.Ellord@gmail.com,police officer
391,Basia,Doig,Basia.Doig@yopmail.com,Basia.Doig@gmail.com,doctor
392,Ezmeralda,Catie,Ezmeralda.Catie@yopmail.com,Ezmeralda.Catie@gmail.com,doctor
393,Corene,Clarissa,Corene.Clarissa@yopmail.com,Corene.Clarissa@gmail.com,police officer
394,Dorothy,Luhe,Dorothy.Luhe@yopmail.com,Dorothy.Luhe@gmail.com,police officer
395,Katleen,Pierette,Katleen.Pierette@yopmail.com,Katleen.Pierette@gmail.com,police officer
396,Cyb,Elo,Cyb.Elo@yopmail.com,Cyb.Elo@gmail.com,worker
397,Nikki,Pulsifer,Nikki.Pulsifer@yopmail.com,Nikki.Pulsifer@gmail.com,firefighter
398,Therine,Fairweather,Therine.Fairweather@yopmail.com,Therine.Fairweather@gmail.com,police officer
399,Gaylene,Erlandson,Gaylene.Erlandson@yopmail.com,Gaylene.Erlandson@gmail.com,developer
400,Averyl,Carvey,Averyl.Carvey@yopmail.com,Averyl.Carvey@gmail.com,doctor
401,Tani,Margarete,Tani.Margarete@yopmail.com,Tani.Margarete@gmail.com,developer
402,Merle,Daveta,Merle.Daveta@yopmail.com,Merle.Daveta@gmail.com,worker
403,Katuscha,Whiffen,Katuscha.Whiffen@yopmail.com,Katuscha.Whiffen@gmail.com,firefighter
404,Noelle,Karl,Noelle.Karl@yopmail.com,Noelle.Karl@gmail.com,police officer
405,Roz,Reinke,Roz.Reinke@yopmail.com,Roz.Reinke@gmail.com,doctor
406,Daune,Longfellow,Daune.Longfellow@yopmail.com,Daune.Longfellow@gmail.com,police officer
407,Carilyn,Terrence,Carilyn.Terrence@yopmail.com,Carilyn.Terrence@gmail.com,doctor
408,Alex,Alexandr,Alex.Alexandr@yopmail.com,Alex.Alexandr@gmail.com,worker
409,Winny,Paine,Winny.Paine@yopmail.com,Winny.Paine@gmail.com,police officer
410,Gertrud,Sacken,Gertrud.Sacken@yopmail.com,Gertrud.Sacken@gmail.com,firefighter
411,Kathi,Erb,Kathi.Erb@yopmail.com,Kathi.Erb@gmail.com,firefighter
412,Doralynne,Cutlerr,Doralynne.Cutlerr@yopmail.com,Doralynne.Cutlerr@gmail.com,police officer
413,Wilma,Dex,Wilma.Dex@yopmail.com,Wilma.Dex@gmail.com,developer
414,Ashlee,Bergman,Ashlee.Bergman@yopmail.com,Ashlee.Bergman@gmail.com,doctor
415,Genovera,Sheedy,Genovera.Sheedy@yopmail.com,Genovera.Sheedy@gmail.com,police officer
416,Violet,Ruvolo,Violet.Ruvolo@yopmail.com,Violet.Ruvolo@gmail.com,doctor
417,Frieda,Cleavland,Frieda.Cleavland@yopmail.com,Frieda.Cleavland@gmail.com,doctor
418,Ernesta,Ingra,Ernesta.Ingra@yopmail.com,Ernesta.Ingra@gmail.com,police officer
419,Addia,Radu,Addia.Radu@yopmail.com,Addia.Radu@gmail.com,doctor
420,Jerry,Nunci,Jerry.Nunci@yopmail.com,Jerry.Nunci@gmail.com,doctor
421,Gale,Kermit,Gale.Kermit@yopmail.com,Gale.Kermit@gmail.com,developer
422,Sandie,Rozanna,Sandie.Rozanna@yopmail.com,Sandie.Rozanna@gmail.com,police officer
423,Ernesta,Estella,Ernesta.Estella@yopmail.com,Ernesta.Estella@gmail.com,doctor
424,Dorthy,Cloris,Dorthy.Cloris@yopmail.com,Dorthy.Cloris@gmail.com,firefighter
425,Karina,Johanna,Karina.Johanna@yopmail.com,Karina.Johanna@gmail.com,worker
426,Sharlene,Durware,Sharlene.Durware@yopmail.com,Sharlene.Durware@gmail.com,doctor
427,Verla,Florina,Verla.Florina@yopmail.com,Verla.Florina@gmail.com,doctor
428,Myriam,Aida,Myriam.Aida@yopmail.com,Myriam.Aida@gmail.com,doctor
429,Kimmy,Sikorski,Kimmy.Sikorski@yopmail.com,Kimmy.Sikorski@gmail.com,police officer
430,Brena,Ashely,Brena.Ashely@yopmail.com,Brena.Ashely@gmail.com,police officer
431,Talya,Pitt,Talya.Pitt@yopmail.com,Talya.Pitt@gmail.com,firefighter
432,Celene,Millda,Celene.Millda@yopmail.com,Celene.Millda@gmail.com,worker
433,Kellen,Anton,Kellen.Anton@yopmail.com,Kellen.Anton@gmail.com,developer
434,Ruthe,Kesley,Ruthe.Kesley@yopmail.com,Ruthe.Kesley@gmail.com,doctor
435,Grier,Gillan,Grier.Gillan@yopmail.com,Grier.Gillan@gmail.com,worker
436,Sybille,Alexandr,Sybille.Alexandr@yopmail.com,Sybille.Alexandr@gmail.com,doctor
437,Riannon,Toor,Riannon.Toor@yopmail.com,Riannon.Toor@gmail.com,firefighter
438,Paulita,Horan,Paulita.Horan@yopmail.com,Paulita.Horan@gmail.com,police officer
439,Verla,Thunell,Verla.Thunell@yopmail.com,Verla.Thunell@gmail.com,police officer
440,Lilith,Garlinda,Lilith.Garlinda@yopmail.com,Lilith.Garlinda@gmail.com,worker
441,Elyssa,Laurianne,Elyssa.Laurianne@yopmail.com,Elyssa.Laurianne@gmail.com,worker
442,Bee,Sigfrid,Bee.Sigfrid@yopmail.com,Bee.Sigfrid@gmail.com,police officer
443,Sherrie,Regan,Sherrie.Regan@yopmail.com,Sherrie.Regan@gmail.com,worker
444,Roz,Germann,Roz.Germann@yopmail.com,Roz.Germann@gmail.com,developer
445,Alyssa,Friede,Alyssa.Friede@yopmail.com,Alyssa.Friede@gmail.com,firefighter
446,Delilah,Rustice,Delilah.Rustice@yopmail.com,Delilah.Rustice@gmail.com,doctor
447,Andeee,Letsou,Andeee.Letsou@yopmail.com,Andeee.Letsou@gmail.com,worker
448,Selma,Ellord,Selma.Ellord@yopmail.com,Selma.Ellord@gmail.com,worker
449,Vinita,Warthman,Vinita.Warthman@yopmail.com,Vinita.Warthman@gmail.com,firefighter
450,Flory,Ruvolo,Flory.Ruvolo@yopmail.com,Flory.Ruvolo@gmail.com,doctor
451,Glynnis,Dituri,Glynnis.Dituri@yopmail.com,Glynnis.Dituri@gmail.com,doctor
452,Gaylene,Papageno,Gaylene.Papageno@yopmail.com,Gaylene.Papageno@gmail.com,worker
453,Ninnetta,Margarete,Ninnetta.Margarete@yopmail.com,Ninnetta.Margarete@gmail.com,police officer
454,Alameda,Fry,Alameda.Fry@yopmail.com,Alameda.Fry@gmail.com,worker
455,Merle,Larochelle,Merle.Larochelle@yopmail.com,Merle.Larochelle@gmail.com,firefighter
456,Nelle,Lattie,Nelle.Lattie@yopmail.com,Nelle.Lattie@gmail.com,doctor
457,Jessy,Payson,Jessy.Payson@yopmail.com,Jessy.Payson@gmail.com,doctor
458,Gabriellia,Mott,Gabriellia.Mott@yopmail.com,Gabriellia.Mott@gmail.com,doctor
459,Nananne,Ulphia,Nananne.Ulphia@yopmail.com,Nananne.Ulphia@gmail.com,firefighter
460,Annice,Vins,Annice.Vins@yopmail.com,Annice.Vins@gmail.com,developer
461,Ann-Marie,Artie,Ann-Marie.Artie@yopmail.com,Ann-Marie.Artie@gmail.com,police officer
462,Tilly,Lanita,Tilly.Lanita@yopmail.com,Tilly.Lanita@gmail.com,doctor
463,Shaine,Vary,Shaine.Vary@yopmail.com,Shaine.Vary@gmail.com,worker
464,Shaylyn,Neva,Shaylyn.Neva@yopmail.com,Shaylyn.Neva@gmail.com,police officer
465,Hermione,Faro,Hermione.Faro@yopmail.com,Hermione.Faro@gmail.com,doctor
466,Allis,Hebner,Allis.Hebner@yopmail.com,Allis.Hebner@gmail.com,firefighter
467,Kimmy,Bennie,Kimmy.Bennie@yopmail.com,Kimmy.Bennie@gmail.com,firefighter
468,Rebeca,Docilla,Rebeca.Docilla@yopmail.com,Rebeca.Docilla@gmail.com,police officer
469,Fredericka,Bouchard,Fredericka.Bouchard@yopmail.com,Fredericka.Bouchard@gmail.com,worker
470,Luci,Berl,Luci.Berl@yopmail.com,Luci.Berl@gmail.com,police officer
471,Claudina,Linskey,Claudina.Linskey@yopmail.com,Claudina.Linskey@gmail.com,worker
472,Donnie,Barrus,Donnie.Barrus@yopmail.com,Donnie.Barrus@gmail.com,firefighter
473,Minne,Helve,Minne.Helve@yopmail.com,Minne.Helve@gmail.com,worker
474,Beth,Ciro,Beth.Ciro@yopmail.com,Beth.Ciro@gmail.com,doctor
475,Letizia,Kinnard,Letizia.Kinnard@yopmail.com,Letizia.Kinnard@gmail.com,police officer
476,Phylis,Camden,Phylis.Camden@yopmail.com,Phylis.Camden@gmail.com,police officer
477,Kylynn,Diogenes,Kylynn.Diogenes@yopmail.com,Kylynn.Diogenes@gmail.com,police officer
478,Aurelie,Amadas,Aurelie.Amadas@yopmail.com,Aurelie.Amadas@gmail.com,police officer
479,Frances,Jagir,Frances.Jagir@yopmail.com,Frances.Jagir@gmail.com,worker
480,Melisent,Roche,Melisent.Roche@yopmail.com,Melisent.Roche@gmail.com,firefighter
481,Nananne,Dosia,Nananne.Dosia@yopmail.com,Nananne.Dosia@gmail.com,police officer
482,Fina,Publia,Fina.Publia@yopmail.com,Fina.Publia@gmail.com,firefighter
483,Mady,Kirstin,Mady.Kirstin@yopmail.com,Mady.Kirstin@gmail.com,doctor
484,Claudina,Valoniah,Claudina.Valoniah@yopmail.com,Claudina.Valoniah@gmail.com,doctor
485,Linzy,Johanna,Linzy.Johanna@yopmail.com,Linzy.Johanna@gmail.com,worker
486,Libbie,Sophronia,Libbie.Sophronia@yopmail.com,Libbie.Sophronia@gmail.com,doctor
487,Blondelle,Tufts,Blondelle.Tufts@yopmail.com,Blondelle.Tufts@gmail.com,doctor
488,Suzette,Sawtelle,Suzette.Sawtelle@yopmail.com,Suzette.Sawtelle@gmail.com,doctor
489,Louella,Tamar,Louella.Tamar@yopmail.com,Louella.Tamar@gmail.com,developer
490,Therine,Lytton,Therine.Lytton@yopmail.com,Therine.Lytton@gmail.com,police officer
491,Marylou,Trey,Marylou.Trey@yopmail.com,Marylou.Trey@gmail.com,worker
492,Michaelina,Rese,Michaelina.Rese@yopmail.com,Michaelina.Rese@gmail.com,developer
493,Kathy,Laurianne,Kathy.Laurianne@yopmail.com,Kathy.Laurianne@gmail.com,firefighter
494,Sibella,Mullane,Sibella.Mullane@yopmail.com,Sibella.Mullane@gmail.com,developer
495,Mara,Thornburg,Mara.Thornburg@yopmail.com,Mara.Thornburg@gmail.com,worker
496,Marnia,Natalia,Marnia.Natalia@yopmail.com,Marnia.Natalia@gmail.com,doctor
497,Noelle,Rebecka,Noelle.Rebecka@yopmail.com,Noelle.Rebecka@gmail.com,police officer
498,Anallese,Christine,Anallese.Christine@yopmail.com,Anallese.Christine@gmail.com,firefighter
499,Nataline,Emerson,Nataline.Emerson@yopmail.com,Nataline.Emerson@gmail.com,developer
500,Gilligan,Ailyn,Gilligan.Ailyn@yopmail.com,Gilligan.Ailyn@gmail.com,firefighter
501,Sara-Ann,Holtz,Sara-Ann.Holtz@yopmail.com,Sara-Ann.Holtz@gmail.com,firefighter
502,Xylina,Cutlerr,Xylina.Cutlerr@yopmail.com,Xylina.Cutlerr@gmail.com,firefighter
503,Roseline,Wesle,Roseline.Wesle@yopmail.com,Roseline.Wesle@gmail.com,worker
504,Neila,Saunderson,Neila.Saunderson@yopmail.com,Neila.Saunderson@gmail.com,worker
505,Joleen,Eugenia,Joleen.Eugenia@yopmail.com,Joleen.Eugenia@gmail.com,developer
506,Janey,Goddard,Janey.Goddard@yopmail.com,Janey.Goddard@gmail.com,worker
507,Cathie,Dosia,Cathie.Dosia@yopmail.com,Cathie.Dosia@gmail.com,police officer
508,Kellen,Tamar,Kellen.Tamar@yopmail.com,Kellen.Tamar@gmail.com,worker
509,Silvana,Colp,Silvana.Colp@yopmail.com,Silvana.Colp@gmail.com,firefighter
510,Georgetta,Pacorro,Georgetta.Pacorro@yopmail.com,Georgetta.Pacorro@gmail.com,worker
511,Regina,Keily,Regina.Keily@yopmail.com,Regina.Keily@gmail.com,police officer
512,Kittie,Ax,Kittie.Ax@yopmail.com,Kittie.Ax@gmail.com,developer
513,Elfreda,Clie,Elfreda.Clie@yopmail.com,Elfreda.Clie@gmail.com,firefighter
514,Krystle,Merna,Krystle.Merna@yopmail.com,Krystle.Merna@gmail.com,firefighter
515,Quintina,Nisbet,Quintina.Nisbet@yopmail.com,Quintina.Nisbet@gmail.com,worker
516,Courtnay,Billye,Courtnay.Billye@yopmail.com,Courtnay.Billye@gmail.com,police officer
517,Kelly,Cherianne,Kelly.Cherianne@yopmail.com,Kelly.Cherianne@gmail.com,worker
518,Gabi,Aldric,Gabi.Aldric@yopmail.com,Gabi.Aldric@gmail.com,developer
519,Edee,Palocz,Edee.Palocz@yopmail.com,Edee.Palocz@gmail.com,worker
520,Claresta,Remmer,Claresta.Remmer@yopmail.com,Claresta.Remmer@gmail.com,developer
521,Dorice,Dosia,Dorice.Dosia@yopmail.com,Dorice.Dosia@gmail.com,police officer
522,Jaclyn,Bergman,Jaclyn.Bergman@yopmail.com,Jaclyn.Bergman@gmail.com,doctor
523,Mariele,Pauly,Mariele.Pauly@yopmail.com,Mariele.Pauly@gmail.com,developer
524,Joane,McAdams,Joane.McAdams@yopmail.com,Joane.McAdams@gmail.com,firefighter
525,Di,Odell,Di.Odell@yopmail.com,Di.Odell@gmail.com,police officer
526,Lorie,Noam,Lorie.Noam@yopmail.com,Lorie.Noam@gmail.com,worker
527,Leeanne,Waite,Leeanne.Waite@yopmail.com,Leeanne.Waite@gmail.com,doctor
528,Catrina,Blase,Catrina.Blase@yopmail.com,Catrina.Blase@gmail.com,developer
529,Joelly,Merat,Joelly.Merat@yopmail.com,Joelly.Merat@gmail.com,worker
530,June,Holbrook,June.Holbrook@yopmail.com,June.Holbrook@gmail.com,firefighter
531,Alexine,Lilybelle,Alexine.Lilybelle@yopmail.com,Alexine.Lilybelle@gmail.com,firefighter
532,Jenda,Chobot,Jenda.Chobot@yopmail.com,Jenda.Chobot@gmail.com,firefighter
533,Gisela,Henrie,Gisela.Henrie@yopmail.com,Gisela.Henrie@gmail.com,police officer
534,Kristina,Fillbert,Kristina.Fillbert@yopmail.com,Kristina.Fillbert@gmail.com,doctor
535,Moyna,Dorothy,Moyna.Dorothy@yopmail.com,Moyna.Dorothy@gmail.com,developer
536,Basia,Anastatius,Basia.Anastatius@yopmail.com,Basia.Anastatius@gmail.com,worker
537,Robinia,Vale,Robinia.Vale@yopmail.com,Robinia.Vale@gmail.com,worker
538,Pollyanna,Ader,Pollyanna.Ader@yopmail.com,Pollyanna.Ader@gmail.com,firefighter
539,Evita,Rurik,Evita.Rurik@yopmail.com,Evita.Rurik@gmail.com,developer
540,Maridel,Fosque,Maridel.Fosque@yopmail.com,Maridel.Fosque@gmail.com,police officer
541,Tabbatha,Uird,Tabbatha.Uird@yopmail.com,Tabbatha.Uird@gmail.com,worker
542,Clarice,Revkah,Clarice.Revkah@yopmail.com,Clarice.Revkah@gmail.com,firefighter
543,Alie,Noman,Alie.Noman@yopmail.com,Alie.Noman@gmail.com,doctor
544,Winifred,Annice,Winifred.Annice@yopmail.com,Winifred.Annice@gmail.com,worker
545,Ekaterina,Schwejda,Ekaterina.Schwejda@yopmail.com,Ekaterina.Schwejda@gmail.com,worker
546,Jean,Skurnik,Jean.Skurnik@yopmail.com,Jean.Skurnik@gmail.com,doctor
547,Meghann,Virgin,Meghann.Virgin@yopmail.com,Meghann.Virgin@gmail.com,firefighter
548,Cyb,Giule,Cyb.Giule@yopmail.com,Cyb.Giule@gmail.com,doctor
549,Alyssa,Frodi,Alyssa.Frodi@yopmail.com,Alyssa.Frodi@gmail.com,doctor
550,Dorene,Anton,Dorene.Anton@yopmail.com,Dorene.Anton@gmail.com,firefighter
551,Queenie,Wilkinson,Queenie.Wilkinson@yopmail.com,Queenie.Wilkinson@gmail.com,doctor
552,Patricia,Bethany,Patricia.Bethany@yopmail.com,Patricia.Bethany@gmail.com,worker
553,Janenna,Kesley,Janenna.Kesley@yopmail.com,Janenna.Kesley@gmail.com,police officer
554,Correy,Masao,Correy.Masao@yopmail.com,Correy.Masao@gmail.com,worker
555,Sharai,Cullin,Sharai.Cullin@yopmail.com,Sharai.Cullin@gmail.com,firefighter
556,Benita,Thar,Benita.Thar@yopmail.com,Benita.Thar@gmail.com,doctor
557,Trixi,Zachary,Trixi.Zachary@yopmail.com,Trixi.Zachary@gmail.com,worker
558,Andeee,Berard,Andeee.Berard@yopmail.com,Andeee.Berard@gmail.com,police officer
559,Corly,Thad,Corly.Thad@yopmail.com,Corly.Thad@gmail.com,worker
560,Fidelia,Nahum,Fidelia.Nahum@yopmail.com,Fidelia.Nahum@gmail.com,firefighter
561,Kial,Ambrosia,Kial.Ambrosia@yopmail.com,Kial.Ambrosia@gmail.com,worker
562,Beth,Gower,Beth.Gower@yopmail.com,Beth.Gower@gmail.com,firefighter
563,Donnie,Stacy,Donnie.Stacy@yopmail.com,Donnie.Stacy@gmail.com,police officer
564,Tobe,Cressida,Tobe.Cressida@yopmail.com,Tobe.Cressida@gmail.com,doctor
565,Dulcinea,Danby,Dulcinea.Danby@yopmail.com,Dulcinea.Danby@gmail.com,worker
566,Nita,Dom,Nita.Dom@yopmail.com,Nita.Dom@gmail.com,developer
567,Nataline,Suk,Nataline.Suk@yopmail.com,Nataline.Suk@gmail.com,firefighter
568,Orsola,Skell,Orsola.Skell@yopmail.com,Orsola.Skell@gmail.com,developer
569,Rhoda,Rad,Rhoda.Rad@yopmail.com,Rhoda.Rad@gmail.com,developer
570,Rivalee,Graig,Rivalee.Graig@yopmail.com,Rivalee.Graig@gmail.com,police officer
571,Daphne,Lowry,Daphne.Lowry@yopmail.com,Daphne.Lowry@gmail.com,developer
572,Ricky,Ursulette,Ricky.Ursulette@yopmail.com,Ricky.Ursulette@gmail.com,firefighter
573,Gretal,Natica,Gretal.Natica@yopmail.com,Gretal.Natica@gmail.com,worker
574,Marleah,Mandler,Marleah.Mandler@yopmail.com,Marleah.Mandler@gmail.com,doctor
575,Caressa,Raseda,Caressa.Raseda@yopmail.com,Caressa.Raseda@gmail.com,worker
576,Myrtice,Bettine,Myrtice.Bettine@yopmail.com,Myrtice.Bettine@gmail.com,police officer
577,Bertine,Lindemann,Bertine.Lindemann@yopmail.com,Bertine.Lindemann@gmail.com,worker
578,Krystle,Auberbach,Krystle.Auberbach@yopmail.com,Krystle.Auberbach@gmail.com,worker
579,Fred,Milde,Fred.Milde@yopmail.com,Fred.Milde@gmail.com,firefighter
580,Alex,Charity,Alex.Charity@yopmail.com,Alex.Charity@gmail.com,worker
581,Kaia,Phaidra,Kaia.Phaidra@yopmail.com,Kaia.Phaidra@gmail.com,firefighter
582,Elise,Merriott,Elise.Merriott@yopmail.com,Elise.Merriott@gmail.com,firefighter
583,Corry,An,Corry.An@yopmail.com,Corry.An@gmail.com,worker
584,Lesly,Anastatius,Lesly.Anastatius@yopmail.com,Lesly.Anastatius@gmail.com,worker
585,Myrtice,Aurelio,Myrtice.Aurelio@yopmail.com,Myrtice.Aurelio@gmail.com,firefighter
586,Daune,Modie,Daune.Modie@yopmail.com,Daune.Modie@gmail.com,police officer
587,Korrie,Gunn,Korrie.Gunn@yopmail.com,Korrie.Gunn@gmail.com,police officer
588,Alleen,Lowry,Alleen.Lowry@yopmail.com,Alleen.Lowry@gmail.com,developer
589,Orsola,Lalitta,Orsola.Lalitta@yopmail.com,Orsola.Lalitta@gmail.com,firefighter
590,Melanie,Ackerley,Melanie.Ackerley@yopmail.com,Melanie.Ackerley@gmail.com,worker
591,Robinia,Anestassia,Robinia.Anestassia@yopmail.com,Robinia.Anestassia@gmail.com,firefighter
592,Mildrid,Wiener,Mildrid.Wiener@yopmail.com,Mildrid.Wiener@gmail.com,developer
593,Dorthy,Allina,Dorthy.Allina@yopmail.com,Dorthy.Allina@gmail.com,doctor
594,Claresta,Torray,Claresta.Torray@yopmail.com,Claresta.Torray@gmail.com,police officer
595,Gloria,Cleo,Gloria.Cleo@yopmail.com,Gloria.Cleo@gmail.com,developer
596,Rivalee,Cornelia,Rivalee.Cornelia@yopmail.com,Rivalee.Cornelia@gmail.com,worker
597,Hettie,Paine,Hettie.Paine@yopmail.com,Hettie.Paine@gmail.com,developer
598,Marguerite,Romelda,Marguerite.Romelda@yopmail.com,Marguerite.Romelda@gmail.com,worker
599,Ricky,Yerkovich,Ricky.Yerkovich@yopmail.com,Ricky.Yerkovich@gmail.com,developer
600,Therine,Madox,Therine.Madox@yopmail.com,Therine.Madox@gmail.com,police officer
601,Ileana,Monaco,Ileana.Monaco@yopmail.com,Ileana.Monaco@gmail.com,doctor
602,Netty,Beniamino,Netty.Beniamino@yopmail.com,Netty.Beniamino@gmail.com,police officer
603,Bernie,Marisa,Bernie.Marisa@yopmail.com,Bernie.Marisa@gmail.com,firefighter
604,Carol-Jean,Margarete,Carol-Jean.Margarete@yopmail.com,Carol-Jean.Margarete@gmail.com,firefighter
605,Fred,Thilda,Fred.Thilda@yopmail.com,Fred.Thilda@gmail.com,firefighter
606,Deane,Arley,Deane.Arley@yopmail.com,Deane.Arley@gmail.com,doctor
607,Meriel,Mitzi,Meriel.Mitzi@yopmail.com,Meriel.Mitzi@gmail.com,police officer
608,Alia,Morgun,Alia.Morgun@yopmail.com,Alia.Morgun@gmail.com,worker
609,Yvonne,Susannah,Yvonne.Susannah@yopmail.com,Yvonne.Susannah@gmail.com,police officer
610,Tonia,Barney,Tonia.Barney@yopmail.com,Tonia.Barney@gmail.com,developer
611,Tori,Hirsch,Tori.Hirsch@yopmail.com,Tori.Hirsch@gmail.com,doctor
612,Viviene,Lilybelle,Viviene.Lilybelle@yopmail.com,Viviene.Lilybelle@gmail.com,police officer
613,Gilda,Rolf,Gilda.Rolf@yopmail.com,Gilda.Rolf@gmail.com,firefighter
614,Grier,Bluh,Grier.Bluh@yopmail.com,Grier.Bluh@gmail.com,police officer
615,Misha,Edmund,Misha.Edmund@yopmail.com,Misha.Edmund@gmail.com,worker
616,Larine,Rhu,Larine.Rhu@yopmail.com,Larine.Rhu@gmail.com,police officer
617,Micheline,Teryn,Micheline.Teryn@yopmail.com,Micheline.Teryn@gmail.com,police officer
618,Lulita,Loring,Lulita.Loring@yopmail.com,Lulita.Loring@gmail.com,worker
619,Jasmina,Ethban,Jasmina.Ethban@yopmail.com,Jasmina.Ethban@gmail.com,doctor
620,Mureil,Braun,Mureil.Braun@yopmail.com,Mureil.Braun@gmail.com,worker
621,Anestassia,Blake,Anestassia.Blake@yopmail.com,Anestassia.Blake@gmail.com,police officer
622,Hope,Ackerley,Hope.Ackerley@yopmail.com,Hope.Ackerley@gmail.com,doctor
623,Modestia,Sidonius,Modestia.Sidonius@yopmail.com,Modestia.Sidonius@gmail.com,worker
624,Annabela,Fennessy,Annabela.Fennessy@yopmail.com,Annabela.Fennessy@gmail.com,worker
625,Danny,Gilbertson,Danny.Gilbertson@yopmail.com,Danny.Gilbertson@gmail.com,firefighter
626,Loree,Eachern,Loree.Eachern@yopmail.com,Loree.Eachern@gmail.com,worker
627,Cristabel,Oster,Cristabel.Oster@yopmail.com,Cristabel.Oster@gmail.com,developer
628,Bertine,Leonard,Bertine.Leonard@yopmail.com,Bertine.Leonard@gmail.com,developer
629,Ofilia,Lewes,Ofilia.Lewes@yopmail.com,Ofilia.Lewes@gmail.com,police officer
630,Jemie,Hailee,Jemie.Hailee@yopmail.com,Jemie.Hailee@gmail.com,developer
631,Madalyn,Clarissa,Madalyn.Clarissa@yopmail.com,Madalyn.Clarissa@gmail.com,police officer
632,Dede,Flita,Dede.Flita@yopmail.com,Dede.Flita@gmail.com,police officer
633,Phylis,Willie,Phylis.Willie@yopmail.com,Phylis.Willie@gmail.com,firefighter
634,Emylee,Ball,Emylee.Ball@yopmail.com,Emylee.Ball@gmail.com,firefighter
635,Donetta,Wilona,Donetta.Wilona@yopmail.com,Donetta.Wilona@gmail.com,worker
636,Olwen,Syd,Olwen.Syd@yopmail.com,Olwen.Syd@gmail.com,doctor
637,Konstance,Olympium,Konstance.Olympium@yopmail.com,Konstance.Olympium@gmail.com,police officer
638,Flory,Chem,Flory.Chem@yopmail.com,Flory.Chem@gmail.com,police officer
639,Alyda,Winthorpe,Alyda.Winthorpe@yopmail.com,Alyda.Winthorpe@gmail.com,worker
640,Blondelle,Atonsah,Blondelle.Atonsah@yopmail.com,Blondelle.Atonsah@gmail.com,doctor
641,Britte,Douglass,Britte.Douglass@yopmail.com,Britte.Douglass@gmail.com,firefighter
642,Tierney,Hourigan,Tierney.Hourigan@yopmail.com,Tierney.Hourigan@gmail.com,police officer
643,Diena,Bartlett,Diena.Bartlett@yopmail.com,Diena.Bartlett@gmail.com,firefighter
644,Marcy,Earlie,Marcy.Earlie@yopmail.com,Marcy.Earlie@gmail.com,worker
645,Corene,Birdella,Corene.Birdella@yopmail.com,Corene.Birdella@gmail.com,worker
646,Farrah,Japeth,Farrah.Japeth@yopmail.com,Farrah.Japeth@gmail.com,doctor
647,Lory,Chaing,Lory.Chaing@yopmail.com,Lory.Chaing@gmail.com,worker
648,Gabriellia,Susannah,Gabriellia.Susannah@yopmail.com,Gabriellia.Susannah@gmail.com,developer
649,Elena,Schonfeld,Elena.Schonfeld@yopmail.com,Elena.Schonfeld@gmail.com,developer
650,Abbie,Michella,Abbie.Michella@yopmail.com,Abbie.Michella@gmail.com,doctor
651,Evita,Bakerman,Evita.Bakerman@yopmail.com,Evita.Bakerman@gmail.com,firefighter
652,Lisette,Tufts,Lisette.Tufts@yopmail.com,Lisette.Tufts@gmail.com,developer
653,Hope,Ax,Hope.Ax@yopmail.com,Hope.Ax@gmail.com,doctor
654,Ileana,Kenwood,Ileana.Kenwood@yopmail.com,Ileana.Kenwood@gmail.com,developer
655,Sherrie,Chobot,Sherrie.Chobot@yopmail.com,Sherrie.Chobot@gmail.com,worker
656,Tami,Dorcy,Tami.Dorcy@yopmail.com,Tami.Dorcy@gmail.com,firefighter
657,Kimberley,Margarete,Kimberley.Margarete@yopmail.com,Kimberley.Margarete@gmail.com,developer
658,Jaclyn,Toor,Jaclyn.Toor@yopmail.com,Jaclyn.Toor@gmail.com,doctor
659,Charlena,Chandler,Charlena.Chandler@yopmail.com,Charlena.Chandler@gmail.com,firefighter
660,Shaine,Toor,Shaine.Toor@yopmail.com,Shaine.Toor@gmail.com,police officer
661,Cecile,Tamar,Cecile.Tamar@yopmail.com,Cecile.Tamar@gmail.com,doctor
662,Dede,Seagraves,Dede.Seagraves@yopmail.com,Dede.Seagraves@gmail.com,doctor
663,Mallory,Ochs,Mallory.Ochs@yopmail.com,Mallory.Ochs@gmail.com,police officer
664,Lilith,Douglass,Lilith.Douglass@yopmail.com,Lilith.Douglass@gmail.com,police officer
665,Alejandra,Ciapas,Alejandra.Ciapas@yopmail.com,Alejandra.Ciapas@gmail.com,firefighter
666,Karena,Monaco,Karena.Monaco@yopmail.com,Karena.Monaco@gmail.com,developer
667,Riannon,Sherrie,Riannon.Sherrie@yopmail.com,Riannon.Sherrie@gmail.com,police officer
668,Kalina,Bethany,Kalina.Bethany@yopmail.com,Kalina.Bethany@gmail.com,doctor
669,Chickie,Sherfield,Chickie.Sherfield@yopmail.com,Chickie.Sherfield@gmail.com,firefighter
670,Carilyn,Edmund,Carilyn.Edmund@yopmail.com,Carilyn.Edmund@gmail.com,firefighter
671,Katleen,Wildermuth,Katleen.Wildermuth@yopmail.com,Katleen.Wildermuth@gmail.com,doctor
672,Florie,Bennie,Florie.Bennie@yopmail.com,Florie.Bennie@gmail.com,developer
673,Mahalia,Liva,Mahalia.Liva@yopmail.com,Mahalia.Liva@gmail.com,firefighter
674,Tatiania,Beebe,Tatiania.Beebe@yopmail.com,Tatiania.Beebe@gmail.com,worker
675,Daphne,Abram,Daphne.Abram@yopmail.com,Daphne.Abram@gmail.com,firefighter
676,Josephine,Vernier,Josephine.Vernier@yopmail.com,Josephine.Vernier@gmail.com,firefighter
677,Sallie,Auberbach,Sallie.Auberbach@yopmail.com,Sallie.Auberbach@gmail.com,developer
678,Ezmeralda,Loring,Ezmeralda.Loring@yopmail.com,Ezmeralda.Loring@gmail.com,developer
679,Jobi,Leary,Jobi.Leary@yopmail.com,Jobi.Leary@gmail.com,firefighter
680,Marnia,Melony,Marnia.Melony@yopmail.com,Marnia.Melony@gmail.com,developer
681,Amalie,Sisile,Amalie.Sisile@yopmail.com,Amalie.Sisile@gmail.com,developer
682,Margette,Carri,Margette.Carri@yopmail.com,Margette.Carri@gmail.com,doctor
683,Kamilah,Cavan,Kamilah.Cavan@yopmail.com,Kamilah.Cavan@gmail.com,developer
684,Viki,Bollay,Viki.Bollay@yopmail.com,Viki.Bollay@gmail.com,doctor
685,Lila,Etom,Lila.Etom@yopmail.com,Lila.Etom@gmail.com,doctor
686,Carree,Erlandson,Carree.Erlandson@yopmail.com,Carree.Erlandson@gmail.com,police officer
687,Gabriellia,Fancie,Gabriellia.Fancie@yopmail.com,Gabriellia.Fancie@gmail.com,doctor
688,Jackie,Zitvaa,Jackie.Zitvaa@yopmail.com,Jackie.Zitvaa@gmail.com,firefighter
689,Lynde,Jary,Lynde.Jary@yopmail.com,Lynde.Jary@gmail.com,worker
690,Delilah,Ajay,Delilah.Ajay@yopmail.com,Delilah.Ajay@gmail.com,developer
691,Sam,Beniamino,Sam.Beniamino@yopmail.com,Sam.Beniamino@gmail.com,firefighter
692,Rochette,Nickola,Rochette.Nickola@yopmail.com,Rochette.Nickola@gmail.com,police officer
693,Arlina,Shuler,Arlina.Shuler@yopmail.com,Arlina.Shuler@gmail.com,worker
694,Alejandra,Tengdin,Alejandra.Tengdin@yopmail.com,Alejandra.Tengdin@gmail.com,doctor
695,Gale,Philipp,Gale.Philipp@yopmail.com,Gale.Philipp@gmail.com,worker
696,Jenilee,Forrer,Jenilee.Forrer@yopmail.com,Jenilee.Forrer@gmail.com,firefighter
697,Randa,Dannye,Randa.Dannye@yopmail.com,Randa.Dannye@gmail.com,police officer
698,Candy,Dyche,Candy.Dyche@yopmail.com,Candy.Dyche@gmail.com,police officer
699,Mathilda,Gaspard,Mathilda.Gaspard@yopmail.com,Mathilda.Gaspard@gmail.com,developer
700,Morganica,Reidar,Morganica.Reidar@yopmail.com,Morganica.Reidar@gmail.com,developer
701,Alia,Dominy,Alia.Dominy@yopmail.com,Alia.Dominy@gmail.com,worker
702,Joelly,Orpah,Joelly.Orpah@yopmail.com,Joelly.Orpah@gmail.com,developer
703,Arlina,Alwin,Arlina.Alwin@yopmail.com,Arlina.Alwin@gmail.com,doctor
704,Kary,Alice,Kary.Alice@yopmail.com,Kary.Alice@gmail.com,worker
705,Vita,Loeb,Vita.Loeb@yopmail.com,Vita.Loeb@gmail.com,doctor
706,Gianina,Madox,Gianina.Madox@yopmail.com,Gianina.Madox@gmail.com,police officer
707,Stacey,Vins,Stacey.Vins@yopmail.com,Stacey.Vins@gmail.com,police officer
708,Clementine,Irmine,Clementine.Irmine@yopmail.com,Clementine.Irmine@gmail.com,police officer
709,Brianna,Center,Brianna.Center@yopmail.com,Brianna.Center@gmail.com,doctor
710,Gale,Joachim,Gale.Joachim@yopmail.com,Gale.Joachim@gmail.com,worker
711,Olwen,Craggie,Olwen.Craggie@yopmail.com,Olwen.Craggie@gmail.com,firefighter
712,Madelle,Center,Madelle.Center@yopmail.com,Madelle.Center@gmail.com,developer
713,Minda,Harned,Minda.Harned@yopmail.com,Minda.Harned@gmail.com,firefighter
714,Marti,Bandeen,Marti.Bandeen@yopmail.com,Marti.Bandeen@gmail.com,doctor
715,Brietta,Chem,Brietta.Chem@yopmail.com,Brietta.Chem@gmail.com,developer
716,Sandie,Raul,Sandie.Raul@yopmail.com,Sandie.Raul@gmail.com,police officer
717,Gerianna,Ricki,Gerianna.Ricki@yopmail.com,Gerianna.Ricki@gmail.com,firefighter
718,Marita,Middleton,Marita.Middleton@yopmail.com,Marita.Middleton@gmail.com,police officer
719,Glenda,Ephrem,Glenda.Ephrem@yopmail.com,Glenda.Ephrem@gmail.com,firefighter
720,Marsiella,Hessler,Marsiella.Hessler@yopmail.com,Marsiella.Hessler@gmail.com,firefighter
721,Lanae,Eugenia,Lanae.Eugenia@yopmail.com,Lanae.Eugenia@gmail.com,police officer
722,Nataline,Tillford,Nataline.Tillford@yopmail.com,Nataline.Tillford@gmail.com,police officer
723,Raf,Alfons,Raf.Alfons@yopmail.com,Raf.Alfons@gmail.com,police officer
724,Nollie,Lowry,Nollie.Lowry@yopmail.com,Nollie.Lowry@gmail.com,doctor
725,Nollie,Jeanne,Nollie.Jeanne@yopmail.com,Nollie.Jeanne@gmail.com,worker
726,Orelia,Alcott,Orelia.Alcott@yopmail.com,Orelia.Alcott@gmail.com,police officer
727,Leontine,Merriott,Leontine.Merriott@yopmail.com,Leontine.Merriott@gmail.com,worker
728,Christal,Friede,Christal.Friede@yopmail.com,Christal.Friede@gmail.com,worker
729,Hollie,Valerio,Hollie.Valerio@yopmail.com,Hollie.Valerio@gmail.com,police officer
730,Jenda,Peonir,Jenda.Peonir@yopmail.com,Jenda.Peonir@gmail.com,developer
731,Charmaine,Holtz,Charmaine.Holtz@yopmail.com,Charmaine.Holtz@gmail.com,police officer
732,Lucy,Trey,Lucy.Trey@yopmail.com,Lucy.Trey@gmail.com,firefighter
733,Chrystel,Lia,Chrystel.Lia@yopmail.com,Chrystel.Lia@gmail.com,police officer
734,Fred,Carlson,Fred.Carlson@yopmail.com,Fred.Carlson@gmail.com,worker
735,Kristina,Ries,Kristina.Ries@yopmail.com,Kristina.Ries@gmail.com,developer
736,Lelah,Camden,Lelah.Camden@yopmail.com,Lelah.Camden@gmail.com,developer
737,Paule,Jacqui,Paule.Jacqui@yopmail.com,Paule.Jacqui@gmail.com,police officer
738,Di,Cecile,Di.Cecile@yopmail.com,Di.Cecile@gmail.com,police officer
739,Kate,Nickola,Kate.Nickola@yopmail.com,Kate.Nickola@gmail.com,doctor
740,Deirdre,Colyer,Deirdre.Colyer@yopmail.com,Deirdre.Colyer@gmail.com,firefighter
741,Danny,Graig,Danny.Graig@yopmail.com,Danny.Graig@gmail.com,firefighter
742,Tatiania,Kronfeld,Tatiania.Kronfeld@yopmail.com,Tatiania.Kronfeld@gmail.com,developer
743,Tarra,Romelda,Tarra.Romelda@yopmail.com,Tarra.Romelda@gmail.com,developer
744,Minda,Pettiford,Minda.Pettiford@yopmail.com,Minda.Pettiford@gmail.com,worker
745,Danika,Schlosser,Danika.Schlosser@yopmail.com,Danika.Schlosser@gmail.com,worker
746,Daphne,Deegan,Daphne.Deegan@yopmail.com,Daphne.Deegan@gmail.com,firefighter
747,Consuela,Bobbee,Consuela.Bobbee@yopmail.com,Consuela.Bobbee@gmail.com,firefighter
748,Felice,Wittie,Felice.Wittie@yopmail.com,Felice.Wittie@gmail.com,developer
749,Kristan,Dex,Kristan.Dex@yopmail.com,Kristan.Dex@gmail.com,firefighter
750,Jere,Seessel,Jere.Seessel@yopmail.com,Jere.Seessel@gmail.com,firefighter
751,Charlena,Oster,Charlena.Oster@yopmail.com,Charlena.Oster@gmail.com,doctor
752,Lizzie,Faust,Lizzie.Faust@yopmail.com,Lizzie.Faust@gmail.com,police officer
753,Aigneis,Riva,Aigneis.Riva@yopmail.com,Aigneis.Riva@gmail.com,doctor
754,Anallese,Peonir,Anallese.Peonir@yopmail.com,Anallese.Peonir@gmail.com,firefighter
755,Nonnah,Brian,Nonnah.Brian@yopmail.com,Nonnah.Brian@gmail.com,worker
756,Oona,Andrel,Oona.Andrel@yopmail.com,Oona.Andrel@gmail.com,police officer
757,Leontine,Bivins,Leontine.Bivins@yopmail.com,Leontine.Bivins@gmail.com,police officer
758,Renie,Guthrie,Renie.Guthrie@yopmail.com,Renie.Guthrie@gmail.com,doctor
759,Lily,Hylan,Lily.Hylan@yopmail.com,Lily.Hylan@gmail.com,doctor
760,Marcy,Imelida,Marcy.Imelida@yopmail.com,Marcy.Imelida@gmail.com,doctor
761,Evita,Olympium,Evita.Olympium@yopmail.com,Evita.Olympium@gmail.com,police officer
762,Merle,Vharat,Merle.Vharat@yopmail.com,Merle.Vharat@gmail.com,firefighter
763,Adele,Abram,Adele.Abram@yopmail.com,Adele.Abram@gmail.com,developer
764,Alexine,Crudden,Alexine.Crudden@yopmail.com,Alexine.Crudden@gmail.com,firefighter
765,Jenilee,Cornelia,Jenilee.Cornelia@yopmail.com,Jenilee.Cornelia@gmail.com,worker
766,Cherrita,Klotz,Cherrita.Klotz@yopmail.com,Cherrita.Klotz@gmail.com,worker
767,Mary,Jorgan,Mary.Jorgan@yopmail.com,Mary.Jorgan@gmail.com,doctor
768,Edee,Weinreb,Edee.Weinreb@yopmail.com,Edee.Weinreb@gmail.com,police officer
769,Dulcinea,Modie,Dulcinea.Modie@yopmail.com,Dulcinea.Modie@gmail.com,firefighter
770,Annabela,Yerkovich,Annabela.Yerkovich@yopmail.com,Annabela.Yerkovich@gmail.com,developer
771,Adore,Desai,Adore.Desai@yopmail.com,Adore.Desai@gmail.com,developer
772,Dorene,Alcott,Dorene.Alcott@yopmail.com,Dorene.Alcott@gmail.com,doctor
773,Jolyn,Pascia,Jolyn.Pascia@yopmail.com,Jolyn.Pascia@gmail.com,doctor
774,Adelle,Fitzsimmons,Adelle.Fitzsimmons@yopmail.com,Adelle.Fitzsimmons@gmail.com,developer
775,Shell,Erich,Shell.Erich@yopmail.com,Shell.Erich@gmail.com,firefighter
776,Lacie,Millda,Lacie.Millda@yopmail.com,Lacie.Millda@gmail.com,developer
777,Stevana,Soneson,Stevana.Soneson@yopmail.com,Stevana.Soneson@gmail.com,doctor
778,Quintina,Kat,Quintina.Kat@yopmail.com,Quintina.Kat@gmail.com,doctor
779,Arlina,Annabella,Arlina.Annabella@yopmail.com,Arlina.Annabella@gmail.com,firefighter
780,Gretal,Delacourt,Gretal.Delacourt@yopmail.com,Gretal.Delacourt@gmail.com,worker
781,Glynnis,Bultman,Glynnis.Bultman@yopmail.com,Glynnis.Bultman@gmail.com,police officer
782,Danika,Ball,Danika.Ball@yopmail.com,Danika.Ball@gmail.com,police officer
783,Mara,Lail,Mara.Lail@yopmail.com,Mara.Lail@gmail.com,developer
784,Beverley,Socha,Beverley.Socha@yopmail.com,Beverley.Socha@gmail.com,firefighter
785,Dorthy,Rillings,Dorthy.Rillings@yopmail.com,Dorthy.Rillings@gmail.com,worker
786,Belinda,Bartlett,Belinda.Bartlett@yopmail.com,Belinda.Bartlett@gmail.com,developer
787,Ruthe,Muriel,Ruthe.Muriel@yopmail.com,Ruthe.Muriel@gmail.com,police officer
788,Dorice,Yuille,Dorice.Yuille@yopmail.com,Dorice.Yuille@gmail.com,worker
789,Evita,Briney,Evita.Briney@yopmail.com,Evita.Briney@gmail.com,worker
790,Shaine,Avi,Shaine.Avi@yopmail.com,Shaine.Avi@gmail.com,police officer
791,Roxane,Chabot,Roxane.Chabot@yopmail.com,Roxane.Chabot@gmail.com,firefighter
792,Caritta,Merell,Caritta.Merell@yopmail.com,Caritta.Merell@gmail.com,doctor
793,Hope,Riordan,Hope.Riordan@yopmail.com,Hope.Riordan@gmail.com,worker
794,Tressa,Bivins,Tressa.Bivins@yopmail.com,Tressa.Bivins@gmail.com,firefighter
795,Anica,Center,Anica.Center@yopmail.com,Anica.Center@gmail.com,firefighter
796,Etta,Vastah,Etta.Vastah@yopmail.com,Etta.Vastah@gmail.com,doctor
797,Tabbatha,Camden,Tabbatha.Camden@yopmail.com,Tabbatha.Camden@gmail.com,worker
798,Quintina,Ranjiv,Quintina.Ranjiv@yopmail.com,Quintina.Ranjiv@gmail.com,firefighter
799,Binny,Persse,Binny.Persse@yopmail.com,Binny.Persse@gmail.com,police officer
800,Alexine,Dalli,Alexine.Dalli@yopmail.com,Alexine.Dalli@gmail.com,worker
801,Cassandra,Aldric,Cassandra.Aldric@yopmail.com,Cassandra.Aldric@gmail.com,doctor
802,Kirbee,Ajay,Kirbee.Ajay@yopmail.com,Kirbee.Ajay@gmail.com,developer
803,Alex,Carbo,Alex.Carbo@yopmail.com,Alex.Carbo@gmail.com,developer
804,Sheelagh,Norrie,Sheelagh.Norrie@yopmail.com,Sheelagh.Norrie@gmail.com,firefighter
805,Wynne,Gordon,Wynne.Gordon@yopmail.com,Wynne.Gordon@gmail.com,developer
806,Tiffie,Faso,Tiffie.Faso@yopmail.com,Tiffie.Faso@gmail.com,developer
807,Shaylyn,Cecile,Shaylyn.Cecile@yopmail.com,Shaylyn.Cecile@gmail.com,doctor
808,Fidelia,Travax,Fidelia.Travax@yopmail.com,Fidelia.Travax@gmail.com,firefighter
809,Dawn,Percy,Dawn.Percy@yopmail.com,Dawn.Percy@gmail.com,firefighter
810,Devina,Rooney,Devina.Rooney@yopmail.com,Devina.Rooney@gmail.com,doctor
811,Thalia,Fancie,Thalia.Fancie@yopmail.com,Thalia.Fancie@gmail.com,developer
812,Cyndie,Annice,Cyndie.Annice@yopmail.com,Cyndie.Annice@gmail.com,developer
813,Gavrielle,Willie,Gavrielle.Willie@yopmail.com,Gavrielle.Willie@gmail.com,firefighter
814,Tina,Durware,Tina.Durware@yopmail.com,Tina.Durware@gmail.com,developer
815,Kalina,Timon,Kalina.Timon@yopmail.com,Kalina.Timon@gmail.com,police officer
816,Barbara,Anis,Barbara.Anis@yopmail.com,Barbara.Anis@gmail.com,developer
817,Dode,Destinee,Dode.Destinee@yopmail.com,Dode.Destinee@gmail.com,police officer
818,Shauna,Claudine,Shauna.Claudine@yopmail.com,Shauna.Claudine@gmail.com,police officer
819,Gaylene,Prouty,Gaylene.Prouty@yopmail.com,Gaylene.Prouty@gmail.com,firefighter
820,Cacilie,Nore,Cacilie.Nore@yopmail.com,Cacilie.Nore@gmail.com,firefighter
821,Ivett,Elisha,Ivett.Elisha@yopmail.com,Ivett.Elisha@gmail.com,worker
822,Nannie,Daegal,Nannie.Daegal@yopmail.com,Nannie.Daegal@gmail.com,developer
823,Jaime,Alrich,Jaime.Alrich@yopmail.com,Jaime.Alrich@gmail.com,firefighter
824,Jacquetta,Ashok,Jacquetta.Ashok@yopmail.com,Jacquetta.Ashok@gmail.com,doctor
825,Deedee,Ellord,Deedee.Ellord@yopmail.com,Deedee.Ellord@gmail.com,developer
826,Tina,Gaal,Tina.Gaal@yopmail.com,Tina.Gaal@gmail.com,worker
827,Joeann,Chabot,Joeann.Chabot@yopmail.com,Joeann.Chabot@gmail.com,worker
828,Latisha,Berriman,Latisha.Berriman@yopmail.com,Latisha.Berriman@gmail.com,developer
829,Quintina,Allare,Quintina.Allare@yopmail.com,Quintina.Allare@gmail.com,doctor
830,Cristine,Sharl,Cristine.Sharl@yopmail.com,Cristine.Sharl@gmail.com,doctor
831,Mariann,Eldrid,Mariann.Eldrid@yopmail.com,Mariann.Eldrid@gmail.com,worker
832,Giustina,Cleo,Giustina.Cleo@yopmail.com,Giustina.Cleo@gmail.com,doctor
833,Janenna,Norrie,Janenna.Norrie@yopmail.com,Janenna.Norrie@gmail.com,firefighter
834,Riannon,Robertson,Riannon.Robertson@yopmail.com,Riannon.Robertson@gmail.com,firefighter
835,Rosene,Ferrell,Rosene.Ferrell@yopmail.com,Rosene.Ferrell@gmail.com,worker
836,Gaylene,Carmena,Gaylene.Carmena@yopmail.com,Gaylene.Carmena@gmail.com,worker
837,Amii,Olnee,Amii.Olnee@yopmail.com,Amii.Olnee@gmail.com,developer
838,Nollie,Shuler,Nollie.Shuler@yopmail.com,Nollie.Shuler@gmail.com,firefighter
839,Adele,Gibbeon,Adele.Gibbeon@yopmail.com,Adele.Gibbeon@gmail.com,doctor
840,Xylina,Orlene,Xylina.Orlene@yopmail.com,Xylina.Orlene@gmail.com,firefighter
841,Aaren,Jagir,Aaren.Jagir@yopmail.com,Aaren.Jagir@gmail.com,firefighter
842,Ellette,Ries,Ellette.Ries@yopmail.com,Ellette.Ries@gmail.com,police officer
843,Robinia,Jagir,Robinia.Jagir@yopmail.com,Robinia.Jagir@gmail.com,doctor
844,Netty,Garek,Netty.Garek@yopmail.com,Netty.Garek@gmail.com,developer
845,Sabina,Teryn,Sabina.Teryn@yopmail.com,Sabina.Teryn@gmail.com,developer
846,Feliza,Payson,Feliza.Payson@yopmail.com,Feliza.Payson@gmail.com,firefighter
847,Ruthe,Abram,Ruthe.Abram@yopmail.com,Ruthe.Abram@gmail.com,firefighter
848,Jerry,Saint,Jerry.Saint@yopmail.com,Jerry.Saint@gmail.com,police officer
849,Nadine,Cristi,Nadine.Cristi@yopmail.com,Nadine.Cristi@gmail.com,developer
850,Iseabal,Talia,Iseabal.Talia@yopmail.com,Iseabal.Talia@gmail.com,police officer
851,Therine,Glovsky,Therine.Glovsky@yopmail.com,Therine.Glovsky@gmail.com,doctor
852,Philis,Clara,Philis.Clara@yopmail.com,Philis.Clara@gmail.com,doctor
853,Antonietta,Brady,Antonietta.Brady@yopmail.com,Antonietta.Brady@gmail.com,worker
854,Celestyna,Boycey,Celestyna.Boycey@yopmail.com,Celestyna.Boycey@gmail.com,firefighter
855,Danny,Kare,Danny.Kare@yopmail.com,Danny.Kare@gmail.com,police officer
856,Lita,Codding,Lita.Codding@yopmail.com,Lita.Codding@gmail.com,firefighter
857,Elbertina,Daegal,Elbertina.Daegal@yopmail.com,Elbertina.Daegal@gmail.com,doctor
858,Daune,Terencio,Daune.Terencio@yopmail.com,Daune.Terencio@gmail.com,developer
859,Ann-Marie,Lorenz,Ann-Marie.Lorenz@yopmail.com,Ann-Marie.Lorenz@gmail.com,worker
860,Ethel,Modie,Ethel.Modie@yopmail.com,Ethel.Modie@gmail.com,doctor
861,Ulrike,Hathaway,Ulrike.Hathaway@yopmail.com,Ulrike.Hathaway@gmail.com,firefighter
862,Starla,Lamoree,Starla.Lamoree@yopmail.com,Starla.Lamoree@gmail.com,doctor
863,Carilyn,Toni,Carilyn.Toni@yopmail.com,Carilyn.Toni@gmail.com,developer
864,Winny,Emmy,Winny.Emmy@yopmail.com,Winny.Emmy@gmail.com,worker
865,Roseline,Chinua,Roseline.Chinua@yopmail.com,Roseline.Chinua@gmail.com,police officer
866,Camile,Sparhawk,Camile.Sparhawk@yopmail.com,Camile.Sparhawk@gmail.com,worker
867,Tybie,Hedve,Tybie.Hedve@yopmail.com,Tybie.Hedve@gmail.com,worker
868,Agnese,Roarke,Agnese.Roarke@yopmail.com,Agnese.Roarke@gmail.com,police officer
869,Ermengarde,Holtz,Ermengarde.Holtz@yopmail.com,Ermengarde.Holtz@gmail.com,police officer
870,Tilly,Poll,Tilly.Poll@yopmail.com,Tilly.Poll@gmail.com,doctor
871,Brynna,Kannry,Brynna.Kannry@yopmail.com,Brynna.Kannry@gmail.com,doctor
872,Kaia,Hashim,Kaia.Hashim@yopmail.com,Kaia.Hashim@gmail.com,developer
873,Addia,Fiester,Addia.Fiester@yopmail.com,Addia.Fiester@gmail.com,police officer
874,Sarette,Hashim,Sarette.Hashim@yopmail.com,Sarette.Hashim@gmail.com,worker
875,Noelle,Ethban,Noelle.Ethban@yopmail.com,Noelle.Ethban@gmail.com,worker
876,Ellette,Zetta,Ellette.Zetta@yopmail.com,Ellette.Zetta@gmail.com,firefighter
877,Mureil,Grayce,Mureil.Grayce@yopmail.com,Mureil.Grayce@gmail.com,firefighter
878,Eadie,Evangelia,Eadie.Evangelia@yopmail.com,Eadie.Evangelia@gmail.com,worker
879,Farrah,Erich,Farrah.Erich@yopmail.com,Farrah.Erich@gmail.com,developer
880,Imojean,Fax,Imojean.Fax@yopmail.com,Imojean.Fax@gmail.com,worker
881,Ada,Ochs,Ada.Ochs@yopmail.com,Ada.Ochs@gmail.com,developer
882,Harrietta,Odysseus,Harrietta.Odysseus@yopmail.com,Harrietta.Odysseus@gmail.com,police officer
883,Judy,Regan,Judy.Regan@yopmail.com,Judy.Regan@gmail.com,doctor
884,Juliane,Elvyn,Juliane.Elvyn@yopmail.com,Juliane.Elvyn@gmail.com,worker
885,Edee,Wittie,Edee.Wittie@yopmail.com,Edee.Wittie@gmail.com,doctor
886,Devina,Taima,Devina.Taima@yopmail.com,Devina.Taima@gmail.com,worker
887,Rhoda,Cornelia,Rhoda.Cornelia@yopmail.com,Rhoda.Cornelia@gmail.com,worker
888,Malina,Hieronymus,Malina.Hieronymus@yopmail.com,Malina.Hieronymus@gmail.com,police officer
889,Teddie,Eugenia,Teddie.Eugenia@yopmail.com,Teddie.Eugenia@gmail.com,firefighter
890,Esmeralda,Muriel,Esmeralda.Muriel@yopmail.com,Esmeralda.Muriel@gmail.com,police officer
891,Ermengarde,Shaddock,Ermengarde.Shaddock@yopmail.com,Ermengarde.Shaddock@gmail.com,police officer
892,Courtnay,Allys,Courtnay.Allys@yopmail.com,Courtnay.Allys@gmail.com,worker
893,Marti,Nore,Marti.Nore@yopmail.com,Marti.Nore@gmail.com,doctor
894,Bernardine,Chinua,Bernardine.Chinua@yopmail.com,Bernardine.Chinua@gmail.com,developer
895,Belinda,Hachmin,Belinda.Hachmin@yopmail.com,Belinda.Hachmin@gmail.com,worker
896,Gui,Larochelle,Gui.Larochelle@yopmail.com,Gui.Larochelle@gmail.com,developer
897,Donnie,Wattenberg,Donnie.Wattenberg@yopmail.com,Donnie.Wattenberg@gmail.com,firefighter
898,Jessamyn,Noman,Jessamyn.Noman@yopmail.com,Jessamyn.Noman@gmail.com,developer
899,Molli,Drisko,Molli.Drisko@yopmail.com,Molli.Drisko@gmail.com,police officer
900,Alyda,Norvol,Alyda.Norvol@yopmail.com,Alyda.Norvol@gmail.com,police officer
901,Lory,Verger,Lory.Verger@yopmail.com,Lory.Verger@gmail.com,developer
902,Regina,Cimbura,Regina.Cimbura@yopmail.com,Regina.Cimbura@gmail.com,police officer
903,Sheree,Astra,Sheree.Astra@yopmail.com,Sheree.Astra@gmail.com,doctor
904,Betta,Rugen,Betta.Rugen@yopmail.com,Betta.Rugen@gmail.com,police officer
905,Ilse,Killigrew,Ilse.Killigrew@yopmail.com,Ilse.Killigrew@gmail.com,firefighter
906,Merci,Armanda,Merci.Armanda@yopmail.com,Merci.Armanda@gmail.com,worker
907,Sybille,Ranjiv,Sybille.Ranjiv@yopmail.com,Sybille.Ranjiv@gmail.com,developer
908,Gui,Darbie,Gui.Darbie@yopmail.com,Gui.Darbie@gmail.com,firefighter
909,Lily,Narton,Lily.Narton@yopmail.com,Lily.Narton@gmail.com,doctor
910,Aurelie,Izaak,Aurelie.Izaak@yopmail.com,Aurelie.Izaak@gmail.com,police officer
911,Petronia,Barbey,Petronia.Barbey@yopmail.com,Petronia.Barbey@gmail.com,doctor
912,Kalina,Joli,Kalina.Joli@yopmail.com,Kalina.Joli@gmail.com,firefighter
913,Drucie,Viddah,Drucie.Viddah@yopmail.com,Drucie.Viddah@gmail.com,doctor
914,Raina,Heidt,Raina.Heidt@yopmail.com,Raina.Heidt@gmail.com,developer
915,Annabela,Teryn,Annabela.Teryn@yopmail.com,Annabela.Teryn@gmail.com,worker
916,Berget,Carbo,Berget.Carbo@yopmail.com,Berget.Carbo@gmail.com,firefighter
917,Julieta,Jehu,Julieta.Jehu@yopmail.com,Julieta.Jehu@gmail.com,doctor
918,Valli,Kevon,Valli.Kevon@yopmail.com,Valli.Kevon@gmail.com,firefighter
919,Corry,Barbey,Corry.Barbey@yopmail.com,Corry.Barbey@gmail.com,police officer
920,Almeta,Belanger,Almeta.Belanger@yopmail.com,Almeta.Belanger@gmail.com,doctor
921,Reeba,Barrus,Reeba.Barrus@yopmail.com,Reeba.Barrus@gmail.com,police officer
922,Janis,Tayib,Janis.Tayib@yopmail.com,Janis.Tayib@gmail.com,worker
923,Tarra,Hathaway,Tarra.Hathaway@yopmail.com,Tarra.Hathaway@gmail.com,worker
924,Kaia,Hylan,Kaia.Hylan@yopmail.com,Kaia.Hylan@gmail.com,doctor
925,Eve,Natalia,Eve.Natalia@yopmail.com,Eve.Natalia@gmail.com,doctor
926,Ulrike,Greenwald,Ulrike.Greenwald@yopmail.com,Ulrike.Greenwald@gmail.com,police officer
927,Kittie,Abram,Kittie.Abram@yopmail.com,Kittie.Abram@gmail.com,doctor
928,Wendi,Rolf,Wendi.Rolf@yopmail.com,Wendi.Rolf@gmail.com,doctor
929,Ursulina,Yam,Ursulina.Yam@yopmail.com,Ursulina.Yam@gmail.com,firefighter
930,Selia,Thunell,Selia.Thunell@yopmail.com,Selia.Thunell@gmail.com,worker
931,Merci,Annabella,Merci.Annabella@yopmail.com,Merci.Annabella@gmail.com,worker
932,Christian,Evvie,Christian.Evvie@yopmail.com,Christian.Evvie@gmail.com,police officer
933,Correy,Lasley,Correy.Lasley@yopmail.com,Correy.Lasley@gmail.com,police officer
934,Glenda,Burch,Glenda.Burch@yopmail.com,Glenda.Burch@gmail.com,doctor
935,Hettie,Kristi,Hettie.Kristi@yopmail.com,Hettie.Kristi@gmail.com,doctor
936,Vere,Seligman,Vere.Seligman@yopmail.com,Vere.Seligman@gmail.com,developer
937,Silvana,Ackerley,Silvana.Ackerley@yopmail.com,Silvana.Ackerley@gmail.com,firefighter
938,Marcy,Nedrud,Marcy.Nedrud@yopmail.com,Marcy.Nedrud@gmail.com,police officer
939,Winifred,Delila,Winifred.Delila@yopmail.com,Winifred.Delila@gmail.com,police officer
940,Oralee,Center,Oralee.Center@yopmail.com,Oralee.Center@gmail.com,worker
941,Lynde,Shields,Lynde.Shields@yopmail.com,Lynde.Shields@gmail.com,worker
942,Chandra,LaRue,Chandra.LaRue@yopmail.com,Chandra.LaRue@gmail.com,developer
943,Charlena,Warthman,Charlena.Warthman@yopmail.com,Charlena.Warthman@gmail.com,firefighter
944,Vanessa,Marijo,Vanessa.Marijo@yopmail.com,Vanessa.Marijo@gmail.com,doctor
945,Heddie,Mauer,Heddie.Mauer@yopmail.com,Heddie.Mauer@gmail.com,firefighter
946,Fanny,Cath,Fanny.Cath@yopmail.com,Fanny.Cath@gmail.com,firefighter
947,Cindelyn,Lytton,Cindelyn.Lytton@yopmail.com,Cindelyn.Lytton@gmail.com,police officer
948,Linzy,Noelyn,Linzy.Noelyn@yopmail.com,Linzy.Noelyn@gmail.com,worker
949,Ana,Percy,Ana.Percy@yopmail.com,Ana.Percy@gmail.com,firefighter
950,Janenna,Abernon,Janenna.Abernon@yopmail.com,Janenna.Abernon@gmail.com,worker
951,Danny,Constancy,Danny.Constancy@yopmail.com,Danny.Constancy@gmail.com,worker
952,Desirae,Kellby,Desirae.Kellby@yopmail.com,Desirae.Kellby@gmail.com,developer
953,Carilyn,Hewitt,Carilyn.Hewitt@yopmail.com,Carilyn.Hewitt@gmail.com,worker
954,Gabi,Lucienne,Gabi.Lucienne@yopmail.com,Gabi.Lucienne@gmail.com,doctor
955,Joelly,Allys,Joelly.Allys@yopmail.com,Joelly.Allys@gmail.com,developer
956,Pamella,Klemperer,Pamella.Klemperer@yopmail.com,Pamella.Klemperer@gmail.com,developer
957,Corina,Mathilde,Corina.Mathilde@yopmail.com,Corina.Mathilde@gmail.com,police officer
958,Sashenka,Hollingsworth,Sashenka.Hollingsworth@yopmail.com,Sashenka.Hollingsworth@gmail.com,worker
959,Wynne,Garbe,Wynne.Garbe@yopmail.com,Wynne.Garbe@gmail.com,firefighter
960,Nikki,Fleeta,Nikki.Fleeta@yopmail.com,Nikki.Fleeta@gmail.com,worker
961,Minne,Argus,Minne.Argus@yopmail.com,Minne.Argus@gmail.com,worker
962,Ulrike,Stevy,Ulrike.Stevy@yopmail.com,Ulrike.Stevy@gmail.com,police officer
963,Melanie,Nisbet,Melanie.Nisbet@yopmail.com,Melanie.Nisbet@gmail.com,police officer
964,Merrie,Curren,Merrie.Curren@yopmail.com,Merrie.Curren@gmail.com,doctor
965,Hyacinthe,Toffic,Hyacinthe.Toffic@yopmail.com,Hyacinthe.Toffic@gmail.com,doctor
966,Dennie,Mintz,Dennie.Mintz@yopmail.com,Dennie.Mintz@gmail.com,police officer
967,Cissiee,Odell,Cissiee.Odell@yopmail.com,Cissiee.Odell@gmail.com,worker
968,Rochette,Kussell,Rochette.Kussell@yopmail.com,Rochette.Kussell@gmail.com,doctor
969,Beverley,Wolfgram,Beverley.Wolfgram@yopmail.com,Beverley.Wolfgram@gmail.com,police officer
970,Anallese,Hoenack,Anallese.Hoenack@yopmail.com,Anallese.Hoenack@gmail.com,doctor
971,Orsola,Afton,Orsola.Afton@yopmail.com,Orsola.Afton@gmail.com,police officer
972,Netty,Horan,Netty.Horan@yopmail.com,Netty.Horan@gmail.com,worker
973,Lacie,Pyle,Lacie.Pyle@yopmail.com,Lacie.Pyle@gmail.com,police officer
974,Gwenneth,Toffic,Gwenneth.Toffic@yopmail.com,Gwenneth.Toffic@gmail.com,developer
975,Esmeralda,Kirbee,Esmeralda.Kirbee@yopmail.com,Esmeralda.Kirbee@gmail.com,police officer
976,Vita,Claudine,Vita.Claudine@yopmail.com,Vita.Claudine@gmail.com,worker
977,Collen,Cordi,Collen.Cordi@yopmail.com,Collen.Cordi@gmail.com,firefighter
978,Blondelle,Valoniah,Blondelle.Valoniah@yopmail.com,Blondelle.Valoniah@gmail.com,worker
979,Roberta,Marsden,Roberta.Marsden@yopmail.com,Roberta.Marsden@gmail.com,police officer
980,Clementine,Egbert,Clementine.Egbert@yopmail.com,Clementine.Egbert@gmail.com,doctor
981,Valeda,Kristi,Valeda.Kristi@yopmail.com,Valeda.Kristi@gmail.com,police officer
982,Brena,Trey,Brena.Trey@yopmail.com,Brena.Trey@gmail.com,worker
983,Shell,Fontana,Shell.Fontana@yopmail.com,Shell.Fontana@gmail.com,developer
984,Mureil,Ietta,Mureil.Ietta@yopmail.com,Mureil.Ietta@gmail.com,doctor
985,Veda,Wu,Veda.Wu@yopmail.com,Veda.Wu@gmail.com,firefighter
986,Jsandye,Buttaro,Jsandye.Buttaro@yopmail.com,Jsandye.Buttaro@gmail.com,police officer
987,Tamqrah,Publia,Tamqrah.Publia@yopmail.com,Tamqrah.Publia@gmail.com,firefighter
988,Gusella,Gaynor,Gusella.Gaynor@yopmail.com,Gusella.Gaynor@gmail.com,doctor
989,Flo,Ingra,Flo.Ingra@yopmail.com,Flo.Ingra@gmail.com,firefighter
990,Tiffie,Mich,Tiffie.Mich@yopmail.com,Tiffie.Mich@gmail.com,police officer
991,Jsandye,Demitria,Jsandye.Demitria@yopmail.com,Jsandye.Demitria@gmail.com,worker
992,Fred,Dudley,Fred.Dudley@yopmail.com,Fred.Dudley@gmail.com,firefighter
993,Marline,Peg,Marline.Peg@yopmail.com,Marline.Peg@gmail.com,doctor
994,Georgetta,Karl,Georgetta.Karl@yopmail.com,Georgetta.Karl@gmail.com,firefighter
995,Ida,Magdalen,Ida.Magdalen@yopmail.com,Ida.Magdalen@gmail.com,developer
996,Lanna,Lemuela,Lanna.Lemuela@yopmail.com,Lanna.Lemuela@gmail.com,doctor
997,Rani,Mintz,Rani.Mintz@yopmail.com,Rani.Mintz@gmail.com,developer
998,Melanie,Millda,Melanie.Millda@yopmail.com,Melanie.Millda@gmail.com,developer
999,Liana,Kirbee,Liana.Kirbee@yopmail.com,Liana.Kirbee@gmail.com,worker
1000,Meriel,Docilla,Meriel.Docilla@yopmail.com,Meriel.Docilla@gmail.com,firefighter
1001,Lacie,Alisia,Lacie.Alisia@yopmail.com,Lacie.Alisia@gmail.com,worker
1002,Rochette,Fabiola,Rochette.Fabiola@yopmail.com,Rochette.Fabiola@gmail.com,doctor
1003,Judy,Dielu,Judy.Dielu@yopmail.com,Judy.Dielu@gmail.com,police officer
1004,Candi,Wildermuth,Candi.Wildermuth@yopmail.com,Candi.Wildermuth@gmail.com,doctor
1005,Shaylyn,Leffen,Shaylyn.Leffen@yopmail.com,Shaylyn.Leffen@gmail.com,developer
1006,Gusty,Wolfgram,Gusty.Wolfgram@yopmail.com,Gusty.Wolfgram@gmail.com,developer
1007,Lorne,Darrell,Lorne.Darrell@yopmail.com,Lorne.Darrell@gmail.com,firefighter
1008,Jacenta,Khorma,Jacenta.Khorma@yopmail.com,Jacenta.Khorma@gmail.com,firefighter
1009,Devina,Presber,Devina.Presber@yopmail.com,Devina.Presber@gmail.com,doctor
1010,Celestyna,Greenwald,Celestyna.Greenwald@yopmail.com,Celestyna.Greenwald@gmail.com,worker
1011,Marinna,Teddman,Marinna.Teddman@yopmail.com,Marinna.Teddman@gmail.com,developer
1012,Marti,Tryck,Marti.Tryck@yopmail.com,Marti.Tryck@gmail.com,firefighter
1013,Feliza,Gordon,Feliza.Gordon@yopmail.com,Feliza.Gordon@gmail.com,firefighter
1014,Lorne,Shields,Lorne.Shields@yopmail.com,Lorne.Shields@gmail.com,police officer
1015,Larine,Telfer,Larine.Telfer@yopmail.com,Larine.Telfer@gmail.com,doctor
1016,Isa,Tamar,Isa.Tamar@yopmail.com,Isa.Tamar@gmail.com,police officer
1017,Brena,Weaks,Brena.Weaks@yopmail.com,Brena.Weaks@gmail.com,worker
1018,Maryellen,Sisile,Maryellen.Sisile@yopmail.com,Maryellen.Sisile@gmail.com,developer
1019,Chloris,Vacuva,Chloris.Vacuva@yopmail.com,Chloris.Vacuva@gmail.com,worker
1020,Merry,Gaynor,Merry.Gaynor@yopmail.com,Merry.Gaynor@gmail.com,police officer
1021,Steffane,Wooster,Steffane.Wooster@yopmail.com,Steffane.Wooster@gmail.com,worker
1022,Rosaline,McGrody,Rosaline.McGrody@yopmail.com,Rosaline.McGrody@gmail.com,doctor
1023,Annice,Arathorn,Annice.Arathorn@yopmail.com,Annice.Arathorn@gmail.com,worker
1024,Joleen,Poll,Joleen.Poll@yopmail.com,Joleen.Poll@gmail.com,police officer
1025,Berget,Center,Berget.Center@yopmail.com,Berget.Center@gmail.com,worker
1026,Aigneis,Ezar,Aigneis.Ezar@yopmail.com,Aigneis.Ezar@gmail.com,police officer
1027,Hildegaard,Chandler,Hildegaard.Chandler@yopmail.com,Hildegaard.Chandler@gmail.com,firefighter
1028,Melisent,Leopold,Melisent.Leopold@yopmail.com,Melisent.Leopold@gmail.com,doctor
1029,Emelina,Toffic,Emelina.Toffic@yopmail.com,Emelina.Toffic@gmail.com,firefighter
1030,Adore,Anselmi,Adore.Anselmi@yopmail.com,Adore.Anselmi@gmail.com,doctor
1031,Sam,Jenness,Sam.Jenness@yopmail.com,Sam.Jenness@gmail.com,doctor
1032,Tani,Leopold,Tani.Leopold@yopmail.com,Tani.Leopold@gmail.com,firefighter
1033,Ginnie,Bollay,Ginnie.Bollay@yopmail.com,Ginnie.Bollay@gmail.com,police officer
1034,Kate,Alice,Kate.Alice@yopmail.com,Kate.Alice@gmail.com,firefighter
1035,Marcy,Liebermann,Marcy.Liebermann@yopmail.com,Marcy.Liebermann@gmail.com,worker
1036,Lita,Alice,Lita.Alice@yopmail.com,Lita.Alice@gmail.com,developer
1037,Carly,Abram,Carly.Abram@yopmail.com,Carly.Abram@gmail.com,police officer
1038,Ketti,Celestine,Ketti.Celestine@yopmail.com,Ketti.Celestine@gmail.com,firefighter
1039,Almeta,Wu,Almeta.Wu@yopmail.com,Almeta.Wu@gmail.com,police officer
1040,Celisse,Middleton,Celisse.Middleton@yopmail.com,Celisse.Middleton@gmail.com,developer
1041,Therine,Fry,Therine.Fry@yopmail.com,Therine.Fry@gmail.com,police officer
1042,Daphne,Persse,Daphne.Persse@yopmail.com,Daphne.Persse@gmail.com,police officer
1043,Valli,Dunkin,Valli.Dunkin@yopmail.com,Valli.Dunkin@gmail.com,worker
1044,Etta,Felizio,Etta.Felizio@yopmail.com,Etta.Felizio@gmail.com,firefighter
1045,Charissa,Havens,Charissa.Havens@yopmail.com,Charissa.Havens@gmail.com,firefighter
1046,Therine,Trace,Therine.Trace@yopmail.com,Therine.Trace@gmail.com,doctor
1047,Chandra,Doig,Chandra.Doig@yopmail.com,Chandra.Doig@gmail.com,firefighter
1048,Edith,Hashim,Edith.Hashim@yopmail.com,Edith.Hashim@gmail.com,firefighter
1049,Ursulina,Henebry,Ursulina.Henebry@yopmail.com,Ursulina.Henebry@gmail.com,developer
1050,Maye,Dorothy,Maye.Dorothy@yopmail.com,Maye.Dorothy@gmail.com,doctor
1051,Tonia,Jammal,Tonia.Jammal@yopmail.com,Tonia.Jammal@gmail.com,firefighter
1052,Maryellen,Maribeth,Maryellen.Maribeth@yopmail.com,Maryellen.Maribeth@gmail.com,developer
1053,Aili,Laverne,Aili.Laverne@yopmail.com,Aili.Laverne@gmail.com,police officer
1054,Brynna,Kiersten,Brynna.Kiersten@yopmail.com,Brynna.Kiersten@gmail.com,doctor
1055,Corry,Hewitt,Corry.Hewitt@yopmail.com,Corry.Hewitt@gmail.com,doctor
1056,Jillayne,Fiann,Jillayne.Fiann@yopmail.com,Jillayne.Fiann@gmail.com,developer
1057,Dania,O'Neill,Dania.O'Neill@yopmail.com,Dania.O'Neill@gmail.com,police officer
1058,Claresta,Millda,Claresta.Millda@yopmail.com,Claresta.Millda@gmail.com,developer
1059,Emelina,Ashely,Emelina.Ashely@yopmail.com,Emelina.Ashely@gmail.com,police officer
1060,Hallie,Fulmer,Hallie.Fulmer@yopmail.com,Hallie.Fulmer@gmail.com,developer
1061,Rosabelle,Scammon,Rosabelle.Scammon@yopmail.com,Rosabelle.Scammon@gmail.com,doctor
1062,Adelle,Larochelle,Adelle.Larochelle@yopmail.com,Adelle.Larochelle@gmail.com,firefighter
1063,Sophia,Eugenia,Sophia.Eugenia@yopmail.com,Sophia.Eugenia@gmail.com,police officer
1064,Tina,Shirberg,Tina.Shirberg@yopmail.com,Tina.Shirberg@gmail.com,firefighter
1065,Max,Dalli,Max.Dalli@yopmail.com,Max.Dalli@gmail.com,police officer
1066,Chastity,Grobe,Chastity.Grobe@yopmail.com,Chastity.Grobe@gmail.com,developer
1067,Kirbee,Cloris,Kirbee.Cloris@yopmail.com,Kirbee.Cloris@gmail.com,doctor
1068,Nerta,Gibbeon,Nerta.Gibbeon@yopmail.com,Nerta.Gibbeon@gmail.com,firefighter
1069,Pearline,Eben,Pearline.Eben@yopmail.com,Pearline.Eben@gmail.com,police officer
1070,Zaria,Cimbura,Zaria.Cimbura@yopmail.com,Zaria.Cimbura@gmail.com,firefighter
1071,Brietta,Abram,Brietta.Abram@yopmail.com,Brietta.Abram@gmail.com,developer
1072,Mellicent,Bartlett,Mellicent.Bartlett@yopmail.com,Mellicent.Bartlett@gmail.com,worker
1073,Marylou,Malanie,Marylou.Malanie@yopmail.com,Marylou.Malanie@gmail.com,firefighter
1074,Modestia,Norvol,Modestia.Norvol@yopmail.com,Modestia.Norvol@gmail.com,police officer
1075,Jordan,Allina,Jordan.Allina@yopmail.com,Jordan.Allina@gmail.com,firefighter
1076,Shel,Michella,Shel.Michella@yopmail.com,Shel.Michella@gmail.com,worker
1077,Valeda,Malanie,Valeda.Malanie@yopmail.com,Valeda.Malanie@gmail.com,developer
1078,Bill,Daegal,Bill.Daegal@yopmail.com,Bill.Daegal@gmail.com,doctor
1079,Lauryn,Brady,Lauryn.Brady@yopmail.com,Lauryn.Brady@gmail.com,firefighter
1080,Adelle,Heidt,Adelle.Heidt@yopmail.com,Adelle.Heidt@gmail.com,police officer
1081,Monika,Xerxes,Monika.Xerxes@yopmail.com,Monika.Xerxes@gmail.com,doctor
1082,Nariko,Faria,Nariko.Faria@yopmail.com,Nariko.Faria@gmail.com,firefighter
1083,Cathie,Sperling,Cathie.Sperling@yopmail.com,Cathie.Sperling@gmail.com,police officer
1084,Odessa,Sekofski,Odessa.Sekofski@yopmail.com,Odessa.Sekofski@gmail.com,developer
1085,Latisha,Hurley,Latisha.Hurley@yopmail.com,Latisha.Hurley@gmail.com,worker
1086,Drucie,Israeli,Drucie.Israeli@yopmail.com,Drucie.Israeli@gmail.com,doctor
1087,Wileen,Sandye,Wileen.Sandye@yopmail.com,Wileen.Sandye@gmail.com,firefighter
1088,Ayn,Ezar,Ayn.Ezar@yopmail.com,Ayn.Ezar@gmail.com,worker
1089,Hannis,Gahl,Hannis.Gahl@yopmail.com,Hannis.Gahl@gmail.com,doctor
1090,Tabbatha,Bandeen,Tabbatha.Bandeen@yopmail.com,Tabbatha.Bandeen@gmail.com,developer
1091,Tracey,McNully,Tracey.McNully@yopmail.com,Tracey.McNully@gmail.com,police officer
1092,Marita,Yam,Marita.Yam@yopmail.com,Marita.Yam@gmail.com,worker
1093,Meghann,Jacinda,Meghann.Jacinda@yopmail.com,Meghann.Jacinda@gmail.com,developer
1094,Shirlee,Valoniah,Shirlee.Valoniah@yopmail.com,Shirlee.Valoniah@gmail.com,worker
1095,Florie,Gamaliel,Florie.Gamaliel@yopmail.com,Florie.Gamaliel@gmail.com,developer
1096,Vanessa,Neva,Vanessa.Neva@yopmail.com,Vanessa.Neva@gmail.com,police officer
1097,Linzy,Barrus,Linzy.Barrus@yopmail.com,Linzy.Barrus@gmail.com,doctor
1098,Joy,Kermit,Joy.Kermit@yopmail.com,Joy.Kermit@gmail.com,developer
1099,Hyacinthe,Malvino,Hyacinthe.Malvino@yopmail.com,Hyacinthe.Malvino@gmail.com,developer